Start Time,End Time,Packet Count,Packets/sec,Bytes/sec,Bits/sec,Average Packet Size,duration
1742994759.895464,1742994760.008858,9,79.37,"587,949.8657090173",4703598.93,7407.78,113.394
1742994760.008858,1742994760.121062,41,365.41,"3,362,034.7609653687",26896278.09,9200.83,112.204
1742994760.121062,1742994760.231969,95,856.57,"8,094,830.53647421",64758644.29,9450.25,110.907
1742994760.231969,1742994760.377246,69,474.96,"4,452,039.604670665",35616316.84,9373.59,145.277
1742994760.377246,1742994760.494435,56,477.86,"4,502,259.080913154",36018072.65,9421.71,117.189
1742994760.494435,1742994760.623707,56,433.20,"4,081,441.185202672",32651529.48,9421.71,129.272
1742994760.623707,1742994760.743567,56,467.21,"4,401,938.020810417",35215504.17,9421.71,119.860
1742994760.743567,1742994760.869184,56,445.80,"4,200,194.921127552",33601559.37,9421.71,125.617
1742994760.869184,1742994760.994984,55,437.20,"4,139,001.8867757176",33112015.09,9467.02,125.800
1742994760.994984,1742994761.117974,57,463.45,"4,346,251.150479396",34770009.20,9378.00,122.990
1742994761.117974,1742994761.247286,56,433.06,"4,080,176.961403017",32641415.69,9421.71,129.312
1742994761.247286,1742994761.368252,56,462.94,"4,361,689.935636461",34893519.49,9421.71,120.966
1742994761.368252,1742994761.493084,56,448.60,"4,226,611.443198117",33812891.55,9421.71,124.832
1742994761.493084,1742994761.618156,55,439.75,"4,152,759.930185478",33222079.44,9443.53,125.072
1742994761.618156,1742994761.729113,56,504.70,"4,755,133.1346403435",38041065.08,9421.71,110.957
1742994761.729113,1742994761.868459,57,409.05,"3,845,380.8851467767",30763047.08,9400.67,139.346
1742994761.868459,1742994761.99491,56,442.86,"4,172,493.1826673253",33379945.46,9421.71,126.451
1742994761.99491,1742994762.118229,55,446.00,"4,222,272.135489147",33778177.08,9467.02,123.319
1742994762.118229,1742994762.230909,24,212.99,"2,026,407.5370946755",16211260.30,9514.00,112.680
1742994762.230909,1742994762.348217,49,417.70,"3,974,037.507329912",31792300.06,9514.00,117.308
1742994762.348217,1742994762.466351,81,685.66,"6,461,186.952196815",51689495.62,9423.28,118.134
1742994762.466351,1742994762.586987,56,464.21,"4,373,620.310650139",34988962.49,9421.71,120.636
1742994762.586987,1742994762.710702,56,452.65,"4,285,659.186969308",34285273.50,9467.86,123.715
1742994762.710702,1742994762.836394,57,453.49,"4,242,540.910630113",33940327.29,9355.33,125.692
1742994762.836394,1742994762.962815,56,442.96,"4,173,484.669935577",33387877.36,9421.71,126.421
1742994762.962815,1742994763.086477,56,452.85,"4,266,597.836152049",34132782.69,9421.71,123.662
1742994763.086477,1742994763.212107,56,445.75,"4,199,764.483449414",33598115.87,9421.71,125.630
1742994763.212107,1742994763.336717,56,449.40,"4,244,508.659743003",33956069.28,9444.79,124.610
1742994763.336717,1742994763.46016,56,453.65,"4,263,696.279914555",34109570.24,9398.64,123.443
1742994763.46016,1742994763.586007,57,452.93,"4,257,849.365153521",34062794.92,9400.67,125.847
1742994763.586007,1742994763.710163,56,451.05,"4,249,621.50457419",33996972.04,9421.71,124.156
1742994763.710163,1742994763.838604,56,436.00,"4,107,851.758360558",32862814.07,9421.71,128.441
1742994763.838604,1742994763.959503,56,463.20,"4,364,106.946665957",34912855.57,9421.71,120.899
1742994763.959503,1742994764.084482,56,448.08,"4,221,636.58768409",33773092.70,9421.71,124.979
1742994764.084482,1742994764.209376,56,448.38,"4,224,505.576591505",33796044.61,9421.71,124.894
1742994764.209376,1742994764.334329,56,448.17,"4,222,522.656917705",33780181.26,9421.71,124.953
1742994764.334329,1742994764.459157,56,448.62,"4,226,740.60676857",33813924.85,9421.71,124.828
1742994764.459157,1742994764.594053,56,415.13,"3,930,434.1339177615",31443473.07,9467.86,134.896
1742994764.594053,1742994764.714194,48,399.53,"3,768,870.6549290745",30150965.24,9433.25,120.141
1742994764.714194,1742994764.833883,65,543.07,"5,080,450.687425799",40643605.50,9354.98,119.689
1742994764.833883,1742994764.963614,56,431.66,"4,067,002.0624886286",32536016.50,9421.71,129.731
1742994764.963614,1742994765.084229,56,464.29,"4,374,381.096636463",34995048.77,9421.71,120.615
1742994765.084229,1742994765.210696,55,434.90,"4,137,601.4562976845",33100811.65,9514.00,126.467
1742994765.210696,1742994765.329152,44,371.45,"3,533,932.914682967",28271463.32,9514.00,118.456
1742994765.329152,1742994765.471321,14,98.47,"930,638.895911454",7445111.17,9450.57,142.169
1742994765.471321,1742994765.616912,85,583.83,"5,510,170.273609191",44081362.19,9438.00,145.591
1742994765.616912,1742994765.736222,94,787.86,"7,430,751.447187679",59446011.58,9431.53,119.310
1742994765.736222,1742994765.864745,56,435.72,"4,095,177.6755561493",32761421.40,9398.64,128.523
1742994765.864745,1742994765.978972,56,490.25,"4,619,010.733107494",36952085.86,9421.71,114.227
1742994765.978972,1742994766.114276,57,421.27,"3,960,253.225079559",31682025.80,9400.67,135.304
1742994766.114276,1742994766.23944,56,447.41,"4,215,396.321477553",33723170.57,9421.71,125.164
1742994766.23944,1742994766.364141,56,449.07,"4,262,130.227801634",34097041.82,9490.93,124.701
1742994766.364141,1742994766.499441,48,354.77,"3,327,511.1807418293",26620089.45,9379.42,135.300
1742994766.499441,1742994766.611289,64,572.20,"5,374,645.742128431",42997165.94,9392.88,111.848
1742994766.611289,1742994766.742607,57,434.06,"4,080,458.301110409",32643666.41,9400.67,131.318
1742994766.742607,1742994766.864869,55,449.85,"4,248,204.639152581",33985637.11,9443.53,122.262
1742994766.864869,1742994766.988737,57,460.17,"4,325,879.560287947",34607036.48,9400.67,123.868
1742994766.988737,1742994767.114774,55,436.38,"4,151,721.2266262104",33213769.81,9514.00,126.037
1742994767.114774,1742994767.238602,56,452.24,"4,250,446.420862118",34003571.37,9398.64,123.828
1742994767.238602,1742994767.364771,57,451.78,"4,226,506.84765236",33812054.78,9355.33,126.169
1742994767.364771,1742994767.488586,56,452.29,"4,261,323.311081071",34090586.49,9421.71,123.815
1742994767.488586,1742994767.61424,55,437.71,"4,164,372.5968301673",33314980.77,9514.00,125.654
1742994767.61424,1742994767.733629,55,460.68,"4,307,145.162502945",34457161.30,9349.56,119.389
1742994767.733629,1742994767.849768,49,421.91,"4,014,037.149921375",32112297.20,9514.00,116.139
1742994767.849768,1742994767.98797,65,470.33,"4,390,538.226980551",35124305.82,9335.11,138.202
1742994767.98797,1742994768.113017,55,439.83,"4,174,255.533164914",33394044.27,9490.51,125.047
1742994768.113017,1742994768.238386,56,446.68,"4,187,898.899327736",33503191.19,9375.57,125.369
1742994768.238386,1742994768.358795,56,465.08,"4,424,785.087550888",35398280.70,9514.00,120.409
1742994768.358795,1742994768.487602,57,442.52,"4,119,882.6180181247",32959060.94,9310.00,128.807
1742994768.487602,1742994768.612552,56,448.18,"4,222,619.341517866",33780954.73,9421.71,124.950
1742994768.612552,1742994768.72474,48,427.85,"4,036,043.0091190967",32288344.07,9433.25,112.188
1742994768.72474,1742994768.853314,64,497.77,"4,735,766.948371712",37886135.59,9514.00,128.574
1742994768.853314,1742994768.973767,33,273.97,"2,542,150.8536727782",20337206.83,9279.09,120.453
1742994768.973767,1742994769.092647,5,42.06,"400,151.300451848",3201210.40,9514.00,118.880
1742994769.092647,1742994769.205838,115,1015.98,"9,635,386.789351184",77083094.31,9483.81,113.191
1742994769.205838,1742994769.33139,57,454.00,"4,267,859.216054599",34142873.73,9400.67,125.552
1742994769.33139,1742994769.456345,55,440.16,"4,187,661.6181644723",33501292.95,9514.00,124.955
1742994769.456345,1742994769.580632,56,450.57,"4,234,750.743810151",33878005.95,9398.64,124.287
1742994769.580632,1742994769.705547,57,456.31,"4,268,930.672713253",34151445.38,9355.33,124.915
1742994769.705547,1742994769.830404,56,448.51,"4,225,764.003116359",33806112.02,9421.71,124.857
1742994769.830404,1742994769.955411,57,455.97,"4,286,466.902183222",34291735.22,9400.67,125.007
1742994769.955411,1742994770.081065,55,437.71,"4,164,372.5968301673",33314980.77,9514.00,125.654
1742994770.081065,1742994770.205506,56,450.01,"4,208,736.525297733",33669892.20,9352.50,124.441
1742994770.205506,1742994770.331063,57,453.98,"4,267,689.028133925",34141512.23,9400.67,125.557
1742994770.331063,1742994770.454953,57,460.09,"4,325,113.6703513255",34600909.36,9400.67,123.890
1742994770.454953,1742994770.58245,56,439.23,"4,138,263.4471548973",33106107.58,9421.71,127.497
1742994770.58245,1742994770.704764,56,457.84,"4,313,619.882313039",34508959.06,9421.71,122.314
1742994770.704764,1742994770.831623,55,433.55,"4,094,256.06344839",32754048.51,9443.53,126.859
1742994770.831623,1742994770.95524,56,453.01,"4,309,959.675625426",34479677.41,9514.00,123.617
1742994770.95524,1742994771.083044,56,438.17,"4,097,992.491283446",32783939.93,9352.50,127.804
1742994771.083044,1742994771.205308,56,458.03,"4,357,655.558637474",34861244.47,9514.00,122.264
1742994771.205308,1742994771.345024,44,314.92,"2,996,189.0938479076",23969512.75,9514.00,139.716
1742994771.345024,1742994771.473293,51,397.60,"3,745,645.1718311743",29965161.37,9420.59,128.269
1742994771.473293,1742994771.611212,86,623.55,"5,866,924.0530084325",46935392.42,9408.84,137.919
1742994771.611212,1742994771.737953,56,441.85,"4,183,336.7459884495",33466693.97,9467.86,126.741
1742994771.737953,1742994771.861033,56,454.99,"4,328,761.246982479",34630089.98,9514.00,123.080
1742994771.861033,1742994771.985843,55,440.67,"4,192,533.3082708204",33540266.47,9514.00,124.810
1742994771.985843,1742994772.110256,56,450.11,"4,233,705.022961677",33869640.18,9405.86,124.413
1742994772.110256,1742994772.237989,56,438.41,"4,130,616.460378049",33044931.68,9421.71,127.733
1742994772.237989,1742994772.364121,57,451.91,"4,227,745.153857204",33821961.23,9355.33,126.132
1742994772.364121,1742994772.485861,56,460.00,"4,333,953.956041245",34671631.65,9421.71,121.740
1742994772.485861,1742994772.621049,56,414.24,"3,902,835.5297864797",31222684.24,9421.71,135.188
1742994772.621049,1742994772.735186,56,490.64,"4,622,648.235658811",36981185.89,9421.71,114.137
1742994772.735186,1742994772.84567,55,497.81,"4,724,471.816781506",37795774.53,9490.51,110.484
1742994772.84567,1742994772.985003,57,409.09,"3,827,190.707156852",30617525.66,9355.33,139.333
1742994772.985003,1742994773.109856,56,448.53,"4,225,901.184644558",33807209.48,9421.71,124.853
1742994773.109856,1742994773.238074,56,436.76,"4,114,986.071158416",32919888.57,9421.71,128.218
1742994773.238074,1742994773.359453,55,453.13,"4,279,112.810402672",34232902.48,9443.53,121.379
1742994773.359453,1742994773.485078,56,445.77,"4,220,493.026892638",33763944.22,9467.86,125.625
1742994773.485078,1742994773.605999,56,463.11,"4,406,054.001321033",35248432.01,9514.00,120.921
1742994773.605999,1742994773.716759,56,505.60,"4,693,608.922522553",37548871.38,9283.29,110.760
1742994773.716759,1742994773.827607,43,387.92,"3,644,036.719368507",29152293.75,9393.81,110.848
1742994773.827607,1742994773.953374,55,437.32,"4,150,357.6521777045",33202861.22,9490.51,125.767
1742994773.953374,1742994774.077599,57,458.84,"4,292,641.583178194",34341132.67,9355.33,124.225
1742994774.077599,1742994774.203085,56,446.27,"4,204,584.03967123",33636672.32,9421.71,125.486
1742994774.203085,1742994774.330998,56,437.80,"4,124,803.635493359",32998429.08,9421.71,127.913
1742994774.330998,1742994774.456155,56,447.44,"4,215,629.195450207",33725033.56,9421.71,125.157
1742994774.456155,1742994774.577149,55,454.57,"4,292,730.488144477",34341843.91,9443.53,120.994
1742994774.577149,1742994774.703385,57,451.53,"4,244,725.352854631",33957802.82,9400.67,126.236
1742994774.703385,1742994774.824183,55,455.31,"4,299,694.9289290905",34397559.43,9443.53,120.798
1742994774.824183,1742994774.954908,57,436.03,"4,098,974.0411307677",32791792.33,9400.67,130.725
1742994774.954908,1742994775.07879,56,452.04,"4,259,018.780374866",34072150.24,9421.71,123.882
1742994775.07879,1742994775.2031,55,442.44,"4,178,215.1919201217",33425721.54,9443.53,124.310
1742994775.2031,1742994775.32572,56,456.70,"4,344,997.06854674",34759976.55,9514.00,122.620
1742994775.32572,1742994775.4515,57,453.17,"4,219,037.688069012",33752301.50,9310.00,125.780
1742994775.4515,1742994775.586048,56,416.21,"3,921,397.57283174",31371180.58,9421.71,134.548
1742994775.586048,1742994775.703889,56,475.22,"4,477,354.877815567",35818839.02,9421.71,117.841
1742994775.703889,1742994775.827147,55,446.22,"4,213,872.691459277",33710981.53,9443.53,123.258
1742994775.827147,1742994775.951089,56,451.82,"4,298,659.348535154",34389274.79,9514.00,123.942
1742994775.951089,1742994776.062968,56,500.54,"4,669,754.68815889",37358037.51,9329.43,111.879
1742994776.062968,1742994776.20099,57,412.98,"3,882,266.666353432",31058133.33,9400.67,138.022
1742994776.20099,1742994776.324689,56,452.71,"4,265,323.196308625",34122585.57,9421.71,123.699
1742994776.324689,1742994776.456264,56,425.61,"4,029,637.59463348",32237100.76,9467.86,131.575
1742994776.456264,1742994776.575699,57,477.25,"4,464,802.434620828",35718419.48,9355.33,119.435
1742994776.575699,1742994776.701477,56,445.23,"4,194,820.783704325",33558566.27,9421.71,125.778
1742994776.701477,1742994776.826814,56,446.80,"4,209,582.822296324",33676662.58,9421.71,125.337
1742994776.826814,1742994776.950368,56,453.24,"4,270,327.444486254",34162619.56,9421.71,123.554
1742994776.950368,1742994777.07622,56,444.97,"4,202,615.342706995",33620922.74,9444.79,125.852
1742994777.07622,1742994777.201991,56,445.25,"4,236,141.928366968",33889135.43,9514.00,125.771
1742994777.201991,1742994777.32508,55,446.83,"4,243,942.9450522205",33951543.56,9497.85,123.089
1742994777.32508,1742994777.463085,57,413.03,"3,873,380.8874446084",30987047.10,9378.00,138.005
1742994777.463085,1742994777.58218,55,461.82,"4,361,170.665049117",34889365.32,9443.53,119.095
1742994777.58218,1742994777.700171,57,483.09,"4,541,347.505005153",36330780.04,9400.67,117.991
1742994777.700171,1742994777.819129,55,462.35,"4,398,779.535420666",35190236.28,9514.00,118.958
1742994777.819129,1742994777.961336,43,302.38,"2,813,210.7481520106",22505685.99,9303.67,142.207
1742994777.961336,1742994778.077949,69,591.70,"5,618,354.379468055",44946835.04,9495.28,116.613
1742994778.077949,1742994778.227642,55,367.42,"3,495,620.7519534673",27964966.02,9514.00,149.693
1742994778.227642,1742994778.363101,46,339.59,"3,230,823.89304346",25846591.14,9514.00,135.459
1742994778.363101,1742994778.554337,3,15.69,"149,250.12625326953",1194001.01,9514.00,191.236
1742994778.554337,1742994778.748383,9,46.38,"441,266.45718329796",3530131.66,9514.00,194.046
1742994778.748383,1742994779.212617,3,6.46,"61,481.94158195259",491855.53,9514.00,464.234
1742994779.212617,1742994779.423496,33,156.49,"1,488,824.7279486167",11910597.82,9514.00,210.879
1742994779.423496,1742994779.558788,78,576.53,"5,485,111.522246659",43880892.18,9514.00,135.292
1742994779.558788,1742994779.696056,8,58.28,"554,478.067554447",4435824.54,9514.00,137.268
1742994779.696056,1742994779.869118,47,271.58,"2,583,801.0511892545",20670408.41,9514.00,173.062
1742994779.869118,1742994780.050172,26,143.60,"1,366,243.4548720298",10929947.64,9514.00,181.054
1742994780.050172,1742994780.317457,8,29.93,"284,759.8517564407",2278078.81,9514.00,267.285
1742994780.317457,1742994780.505215,6,31.96,"304,029.70554936165",2432237.64,9514.00,187.758
1742994780.505215,1742994780.966201,10,21.69,"206,383.64645547283",1651069.17,9514.00,460.986
1742994780.966201,1742994781.139117,8,46.27,"440,167.64431060775",3521341.15,9514.00,172.916
1742994781.139117,1742994781.78142,6,9.34,"88,873.94406116672",710991.55,9514.00,642.303
1742994781.78142,1742994782.29595,42,81.63,"776,607.8633016619",6212862.91,9514.00,514.530
1742994782.29595,1742994782.413449,11,93.62,"890,679.0634766358",7125432.51,9514.00,117.499
1742994782.413449,1742994782.676638,15,56.99,"542,234.2397367863",4337873.92,9514.00,263.189
1742994782.676638,1742994783.068703,24,61.21,"582,393.1539879837",4659145.23,9514.00,392.065
1742994783.068703,1742994783.190066,16,131.84,"1,254,285.0420522008",10034280.34,9514.00,121.363
1742994783.190066,1742994783.309439,35,293.20,"2,789,495.3902445845",22315963.12,9514.00,119.373
1742994783.309439,1742994783.536235,29,127.87,"1,216,537.4048348912",9732299.24,9514.00,226.796
1742994783.536235,1742994783.646436,2,18.15,"172,666.4946951209",1381331.96,9514.00,110.201
1742994783.646436,1742994783.876245,3,13.05,"124,198.76642227477",993590.13,9514.00,229.809
1742994783.876245,1742994784.165156,11,38.07,"362,236.28943867696",2897890.32,9514.00,288.911
1742994784.165156,1742994784.434889,21,77.85,"740,709.7346923081",5925677.88,9514.00,269.733
1742994784.434889,1742994784.56781,8,60.19,"572,610.8831000644",4580887.06,9514.00,132.921
1742994784.56781,1742994785.096254,7,13.25,"126,026.58650502717",1008212.69,9514.00,528.444
1742994785.096254,1742994785.289499,3,15.52,"147,698.5678076513",1181588.54,9514.00,193.245
1742994785.289499,1742994785.620502,3,9.06,"86,228.83857189264",689830.71,9514.00,331.003
1742994785.620502,1742994785.803431,3,16.40,"156,027.71520475458",1248221.72,9514.00,182.929
1742994785.803431,1742994786.335381,2,3.76,"35,770.27936678678",286162.23,9514.00,531.950
1742994786.335381,1742994786.823413,28,57.37,"545,849.604421008",4366796.84,9514.00,488.032
1742994786.823413,1742994787.173526,27,77.12,"733,699.9408994737",5869599.53,9514.00,350.113
1742994787.173526,1742994787.383431,29,138.16,"1,314,433.288570601",10515466.31,9514.00,209.905
1742994787.383431,1742994787.504213,25,206.98,"1,969,248.1526736242",15753985.22,9514.00,120.782
1742994787.504213,1742994788.600825,1,0.91,"8,675.81259625996",69406.50,9514.00,1096.612
1742994788.600825,1742994788.711404,1,9.04,"86,038.0253987693",688304.20,9514.00,110.579
1742994788.711404,1742994789.331486,1,1.61,209.64972477826157,1677.20,130.00,620.082
1742994789.331486,1742994789.57194,64,266.16,"2,532,276.880653858",20258215.05,9514.00,240.454
1742994789.57194,1742994789.840229,1,3.73,"35,461.74772991044",283693.98,9514.00,268.289
1742994789.840229,1742994789.953312,34,300.66,"2,860,521.270543786",22884170.16,9514.00,113.083
1742994789.953312,1742994790.094725,17,120.22,"1,143,728.1609093468",9149825.29,9514.00,141.413
1742994790.094725,1742994790.223662,5,38.78,"368,939.85269997653",2951518.82,9514.00,128.937
1742994790.223662,1742994791.417853,9,7.54,"71,702.08485104519",573616.68,9514.00,1194.191
1742994791.417853,1742994792.357042,3,3.19,"30,390.05067165172",243120.41,9514.00,939.189
1742994792.357042,1742994792.752669,3,7.58,"72,143.70714845303",577149.66,9514.00,395.627
1742994792.752669,1742994792.904923,9,59.11,"562,389.6597144688",4499117.28,9514.00,152.254
1742994792.904923,1742994793.201154,20,67.51,"642,336.4867929782",5138691.89,9514.00,296.231
1742994793.201154,1742994793.31887,33,280.34,"2,667,112.394752672",21336899.16,9514.00,117.716
1742994793.31887,1742994793.448449,8,61.74,"587,379.9037853293",4699039.23,9514.00,129.579
1742994793.448449,1742994793.595447,2,13.61,"129,443.79092213996",1035550.33,9514.00,146.998
1742994793.595447,1742994793.81005,3,13.98,"132,999.1054071169",1063992.84,9514.00,214.603
1742994793.81005,1742994793.970883,1,6.22,"59,154.57017234376",473236.56,9514.00,160.833
1742994793.970883,1742994794.161122,27,141.93,"1,350,289.5937216843",10802316.75,9514.00,190.239
1742994794.161122,1742994794.333476,6,34.81,"331,202.09368589235",2649616.75,9514.00,172.354
1742994794.333476,1742994794.527596,12,61.82,"588,131.2642281116",4705050.11,9514.00,194.120
1742994794.527596,1742994794.660613,1,7.52,"71,524.6583810408",572197.27,9514.00,133.017
1742994794.660613,1742994795.23295,9,15.73,"149,607.68418303266",1196861.47,9514.00,572.337
1742994795.23295,1742994795.623106,1,2.56,"24,385.11583181224",195080.93,9514.00,390.156
1742994795.623106,1742994796.085408,2,4.33,"41,159.244939879885",329273.96,9514.00,462.302
1742994796.085408,1742994796.206289,3,24.82,"236,116.35379044284",1888930.83,9514.00,120.881
1742994796.206289,1742994796.375086,26,154.03,"1,465,452.4449014529",11723619.56,9514.00,168.797
1742994796.375086,1742994796.648846,41,149.77,"1,424,876.6264099937",11399013.01,9514.00,273.760
1742994796.648846,1742994796.76697,4,33.86,"322,169.90082511184",2577359.21,9514.00,118.124
1742994796.76697,1742994796.929596,3,18.45,"175,506.961218467",1404055.69,9514.00,162.626
1742994796.929596,1742994797.053136,9,72.85,"693,102.5335636332",5544820.27,9514.00,123.540
1742994797.053136,1742994797.367268,6,19.10,"181,719.80094796082",1453758.41,9514.00,314.132
1742994797.367268,1742994797.494785,16,125.47,"1,193,754.6992044423",9550037.59,9514.00,127.517
1742994797.494785,1742994797.648387,2,13.02,"123,878.68820478911",991029.51,9514.00,153.602
1742994797.648387,1742994797.847424,35,175.85,"1,673,004.890815048",13384039.13,9514.00,199.037
1742994797.847424,1742994798.005013,3,19.04,"181,116.74972767543",1448934.00,9514.00,157.589
1742994798.005013,1742994798.22856,1,4.47,"42,559.2862981323",340474.29,9514.00,223.547
1742994798.22856,1742994798.368229,1,7.16,"68,118.2222616735",544945.78,9514.00,139.669
1742994798.368229,1742994799.126893,1,1.32,"12,540.463703478366",100323.71,9514.00,758.664
1742994799.126893,1742994799.243225,4,34.38,"327,132.5369600682",2617060.30,9514.00,116.332
1742994799.243225,1742994799.376087,23,173.11,"1,646,988.9260331297",13175911.41,9514.00,132.862
1742994799.376087,1742994799.55278,34,192.42,"1,830,723.7320322115",14645789.86,9514.00,176.693
1742994799.55278,1742994799.6681,16,138.74,"1,320,011.5200211706",10560092.16,9514.00,115.320
1742994799.6681,1742994799.890508,4,17.98,"171,109.09305930455",1368872.74,9514.00,222.408
1742994799.890508,1742994800.190684,20,66.63,"633,894.4783841529",5071155.83,9514.00,300.176
1742994800.190684,1742994800.302058,17,152.64,"1,452,207.36648856",11617658.93,9514.00,111.374
1742994800.302058,1742994800.512096,8,38.09,"362,372.6150224243",2898980.92,9514.00,210.038
1742994800.512096,1742994800.686097,1,5.75,"54,677.85344464952",437422.83,9514.00,174.001
1742994800.686097,1742994801.346069,1,1.52,"14,415.758924094442",115326.07,9514.00,659.972
1742994801.346069,1742994801.465255,3,25.17,"239,474.58655496477",1915796.69,9514.00,119.186
1742994801.465255,1742994801.591441,16,126.80,"1,206,347.200622754",9650777.60,9514.00,126.186
1742994801.591441,1742994802.056557,67,144.05,"1,370,492.4515269848",10963939.61,9514.00,465.116
1742994802.056557,1742994802.315785,18,69.44,"660,623.1035105",5284984.83,9514.00,259.228
1742994802.315785,1742994802.428284,1,8.89,"84,569.64163991057",676557.13,9514.00,112.499
1742994802.428284,1742994802.573148,1,6.90,"65,675.35476395811",525402.84,9514.00,144.864
1742994802.573148,1742994802.752475,7,39.03,"371,377.4048224295",2971019.24,9514.00,179.327
1742994802.752475,1742994803.000983,6,24.14,"229,706.9124163643",1837655.30,9514.00,248.508
1742994803.000983,1742994803.142401,6,42.43,"403,654.47110511677",3229235.77,9514.00,141.418
1742994803.142401,1742994803.278957,26,190.40,"1,811,448.5107226975",14491588.09,9514.00,136.556
1742994803.278957,1742994803.841397,20,35.56,"338,311.5477322391",2706492.38,9514.00,562.440
1742994803.841397,1742994804.047067,4,19.45,"185,034.38625061148",1480275.09,9514.00,205.670
1742994804.047067,1742994804.166826,4,33.40,"317,771.3047903071",2542170.44,9514.00,119.759
1742994804.166826,1742994804.285784,3,25.22,"239,933.42920476364",1919467.43,9514.00,118.958
1742994804.285784,1742994804.475039,1,5.28,"50,270.79888081653",402166.39,9514.00,189.255
1742994804.475039,1742994804.757462,27,95.60,"909,550.5052576129",7276404.04,9514.00,282.423
1742994804.757462,1742994804.87701,2,16.73,"159,166.08301606833",1273328.66,9514.00,119.548
1742994804.87701,1742994805.137112,3,11.53,"109,733.96003835203",877871.68,9514.00,260.102
1742994805.137112,1742994805.730769,10,16.84,"160,260.8868672735",1282087.09,9514.00,593.657
1742994805.730769,1742994805.938962,32,153.70,"1,462,334.9814675485",11698679.85,9514.00,208.193
1742994805.938962,1742994806.064807,4,31.79,"302,403.8577123024",2419230.86,9514.00,125.845
1742994806.064807,1742994806.20137,13,95.19,"905,676.8176093382",7245414.54,9514.00,136.563
1742994806.20137,1742994806.359524,2,12.65,"120,313.10434072113",962504.83,9514.00,158.154
1742994806.359524,1742994806.50019,3,21.33,"202,906.16337737883",1623249.31,9514.00,140.666
1742994806.50019,1742994806.619564,2,16.75,"159,398.14478790312",1275185.16,9514.00,119.374
1742994806.619564,1742994806.934157,6,19.07,"181,453.59033208084",1451628.72,9514.00,314.593
1742994806.934157,1742994807.118484,6,32.55,"309,688.54871404846",2477508.39,9514.00,184.327
1742994807.118484,1742994807.420261,7,23.20,"220,686.21916596088",1765489.75,9514.00,301.777
1742994807.420261,1742994807.719269,32,107.02,"1,018,193.0469719671",8145544.38,9514.00,299.008
1742994807.719269,1742994808.089335,19,51.34,"488,469.72002662084",3907757.76,9514.00,370.066
1742994808.089335,1742994808.963436,10,11.44,"108,843.26676476885",870746.13,9514.00,874.101
1742994808.963436,1742994809.265505,2,6.62,"62,992.191221575886",503937.53,9514.00,302.069
1742994809.265505,1742994809.403823,24,173.51,"1,650,806.775082867",13206454.20,9514.00,138.318
1742994809.403823,1742994809.587172,2,10.91,"103,780.14739760371",830241.18,9514.00,183.349
1742994809.587172,1742994809.722183,20,148.14,"1,409,367.0855782593",11274936.68,9514.00,135.011
1742994809.722183,1742994809.884809,6,36.89,"351,013.922436934",2808111.38,9514.00,162.626
1742994809.884809,1742994810.760587,9,10.28,"97,771.35749938952",782170.86,9514.00,875.778
1742994810.760587,1742994811.317263,30,53.89,"512,722.0244056623",4101776.20,9514.00,556.676
1742994811.317263,1742994811.608974,22,75.42,"717,518.1395002146",5740145.12,9514.00,291.711
1742994811.608974,1742994811.725962,15,128.22,"1,219,869.2920684025",9758954.34,9514.00,116.988
1742994811.725962,1742994811.859749,28,209.29,"1,991,162.7517499963",15929302.01,9514.00,133.787
1742994811.859749,1742994811.98756,24,187.78,"1,786,513.526285354",14292108.21,9514.00,127.811
1742994811.98756,1742994812.106357,72,606.08,"5,766,203.119250367",46129624.95,9514.00,118.797
1742994812.106357,1742994812.235045,122,948.03,"9,019,561.074322471",72156488.59,9514.00,128.688
1742994812.235045,1742994812.347775,34,301.61,"2,869,475.070436357",22955800.56,9514.00,112.730
1742994812.347775,1742994812.458685,106,955.73,"9,092,819.009729357",72742552.08,9514.00,110.910
1742994812.458685,1742994812.569029,132,1196.26,"11,381,190.167586757",91049521.34,9514.00,110.344
1742994812.569029,1742994812.68076,122,1091.91,"10,388,432.32813737",83107458.63,9514.00,111.731
1742994812.68076,1742994812.797576,86,736.20,"7,004,209.122372756",56033672.98,9514.00,116.816
1742994812.797576,1742994812.912966,22,190.66,"1,813,917.0373051835",14511336.30,9514.00,115.390
1742994812.912966,1742994813.051395,71,512.90,"4,879,717.102744858",39037736.82,9514.00,138.429
1742994813.051395,1742994813.161795,87,788.04,"7,497,448.268704743",59979586.15,9514.00,110.400
1742994813.161795,1742994813.272517,134,1210.24,"11,514,199.99548667",92113599.96,9514.00,110.722
1742994813.272517,1742994813.404102,140,1063.95,"10,122,421.048145706",80979368.39,9514.00,131.585
1742994813.404102,1742994813.629333,72,319.67,"3,041,358.454633122",24330867.64,9514.00,225.231
1742994813.629333,1742994813.739702,99,896.99,"8,533,974.948952412",68271799.59,9514.00,110.369
1742994813.739702,1742994813.850996,127,1141.12,"10,856,628.945764897",86853031.57,9514.00,111.294
1742994813.850996,1742994813.979142,136,1061.29,"10,097,113.253472203",80776906.03,9514.00,128.146
1742994813.979142,1742994814.136692,84,533.16,"5,072,519.901248916",40580159.21,9514.00,157.550
1742994814.136692,1742994814.247974,42,377.42,"3,590,773.53348045",28726188.27,9514.00,111.282
1742994814.247974,1742994814.359898,94,839.85,"7,990,374.093744941",63922992.75,9514.00,111.924
1742994814.359898,1742994814.48558,148,1177.58,"11,203,460.929166002",89627687.43,9514.00,125.682
1742994814.48558,1742994814.609466,150,1210.79,"11,519,451.36100505",92155610.89,9514.00,123.886
1742994814.609466,1742994814.739046,152,1173.02,"11,160,115.50164306",89280924.01,9514.00,129.580
1742994814.739046,1742994814.858165,76,638.02,"6,070,101.591918674",48560812.74,9514.00,119.119
1742994814.858165,1742994814.968244,64,581.40,"5,531,443.082453081",44251544.66,9514.00,110.079
1742994814.968244,1742994815.082728,94,821.08,"7,811,723.053988088",62493784.43,9514.00,114.484
1742994815.082728,1742994815.192743,141,1281.64,"12,193,538.368392652",97548306.95,9514.00,110.015
1742994815.192743,1742994815.304965,109,971.29,"9,240,847.643589346",73926781.15,9514.00,112.222
1742994815.304965,1742994815.423724,146,1229.38,"11,696,334.36197153",93570674.90,9514.00,118.759
1742994815.423724,1742994815.546502,120,977.37,"9,298,720.875858547",74389767.01,9514.00,122.778
1742994815.546502,1742994815.658059,39,349.60,"3,326,073.3997944016",26608587.20,9514.00,111.557
1742994815.658059,1742994815.768998,45,405.63,"3,859,146.9197441717",30873175.36,9514.00,110.939
1742994815.768998,1742994815.879616,112,1012.49,"9,632,852.67599781",77062821.41,9514.00,110.618
1742994815.879616,1742994815.99031,126,1138.27,"10,829,536.749610152",86636294.00,9514.00,110.694
1742994815.99031,1742994816.100561,122,1106.57,"10,527,873.015859835",84222984.13,9514.00,110.251
1742994816.100561,1742994816.21395,130,1146.50,"10,907,758.550005468",87262068.40,9514.00,113.389
1742994816.21395,1742994816.408271,95,488.88,"4,651,217.709418655",37209741.68,9514.00,194.321
1742994816.408271,1742994816.518686,137,1240.77,"11,804,720.503098588",94437764.02,9514.00,110.415
1742994816.518686,1742994816.631716,140,1238.61,"11,784,132.609632934",94273060.88,9514.00,113.030
1742994816.631716,1742994816.742027,138,1251.01,"11,902,091.604372803",95216732.83,9514.00,110.311
1742994816.742027,1742994816.855712,138,1213.88,"11,548,869.593351075",92390956.75,9514.00,113.685
1742994816.855712,1742994816.976374,130,1077.39,"10,250,288.135342713",82002305.08,9514.00,120.662
1742994816.976374,1742994817.107693,77,586.36,"5,578,611.954625339",44628895.64,9514.00,131.319
1742994817.107693,1742994817.218147,94,851.03,"8,096,722.0029097",64773776.02,9514.00,110.454
1742994817.218147,1742994817.328535,125,1132.37,"10,773,359.089937171",86186872.72,9514.00,110.388
1742994817.328535,1742994817.438757,120,1088.71,"10,358,017.647954592",82864141.18,9514.00,110.222
1742994817.438757,1742994817.558703,150,1250.56,"11,897,853.740682581",95182829.93,9514.00,119.946
1742994817.558703,1742994817.669573,94,847.84,"8,066,339.032830634",64530712.26,9514.00,110.870
1742994817.669573,1742994817.789991,20,166.09,"1,580,164.6213091677",12641316.97,9514.00,120.418
1742994817.789991,1742994817.9419,64,421.30,"4,008,291.459639992",32066331.68,9514.00,151.909
1742994817.9419,1742994818.055577,122,1073.22,"10,210,576.865644846",81684614.93,9514.00,113.677
1742994818.055577,1742994818.187452,120,909.95,"8,657,286.595266161",69258292.76,9514.00,131.875
1742994818.187452,1742994818.361918,114,653.42,"6,216,664.878087577",49733319.02,9514.00,174.466
1742994818.361918,1742994818.47449,62,550.76,"5,239,919.671196901",41919357.37,9514.00,112.572
1742994818.47449,1742994818.587053,130,1154.91,"10,987,789.380078115",87902315.04,9514.00,112.563
1742994818.587053,1742994818.69991,134,1187.34,"11,296,397.439356426",90371179.51,9514.00,112.857
1742994818.69991,1742994818.83807,118,854.08,"8,125,738.844332468",65005910.75,9514.00,138.160
1742994818.83807,1742994818.956213,54,457.07,"4,348,591.493970068",34788731.95,9514.00,118.143
1742994818.956213,1742994819.067959,134,1199.15,"11,408,687.289024679",91269498.31,9514.00,111.746
1742994819.067959,1742994819.187928,144,1200.31,"11,419,760.464051066",91358083.71,9514.00,119.969
1742994819.187928,1742994819.299924,150,1339.33,"12,742,426.717474375",101939413.74,9514.00,111.996
1742994819.299924,1742994819.411381,17,152.53,"1,451,123.223957988",11608985.79,9514.00,111.457
1742994819.411381,1742994819.524695,66,582.45,"5,541,455.4264517445",44331643.41,9514.00,113.314
1742994819.524695,1742994819.637934,139,1227.49,"11,678,356.547794651",93426852.38,9514.00,113.239
1742994819.637934,1742994819.748113,133,1207.13,"11,484,607.806666609",91876862.45,9514.00,110.179
1742994819.748113,1742994819.866379,107,904.74,"8,607,690.211739281",68861521.69,9514.00,118.266
1742994819.866379,1742994819.976892,16,144.78,"1,377,431.0600204952",11019448.48,9514.00,110.513
1742994819.976892,1742994820.087415,35,316.68,"3,012,857.4487830237",24102859.59,9514.00,110.523
1742994820.087415,1742994820.198283,39,351.77,"3,346,737.349808823",26773898.80,9514.00,110.868
1742994820.198283,1742994820.314219,140,1207.56,"11,488,748.364266016",91909986.91,9514.00,115.936
1742994820.314219,1742994820.424814,138,1247.80,"11,871,532.564857751",94972260.52,9514.00,110.595
1742994820.424814,1742994820.546172,72,593.29,"5,644,526.640692164",45156213.13,9514.00,121.358
1742994820.546172,1742994820.658534,78,694.18,"6,604,466.218599943",52835729.75,9514.00,112.362
1742994820.658534,1742994820.769006,128,1158.67,"11,023,538.979499431",88188311.84,9514.00,110.472
1742994820.769006,1742994820.8792,126,1143.44,"10,878,671.707027676",87029373.66,9514.00,110.194
1742994820.8792,1742994820.989759,144,1302.47,"12,391,719.943724418",99133759.55,9514.00,110.559
1742994820.989759,1742994821.126508,77,563.08,"5,357,098.361153971",42856786.89,9514.00,136.749
1742994821.126508,1742994821.237533,12,108.08,"1,028,308.0596727746",8226464.48,9514.00,111.025
1742994821.237533,1742994821.350124,16,142.11,"1,352,011.121666949",10816088.97,9514.00,112.591
1742994821.350124,1742994821.460258,73,662.83,"6,306,147.177721589",50449177.42,9514.00,110.134
1742994821.460258,1742994821.570262,137,1245.41,"11,848,829.257400464",94790634.06,9514.00,110.004
1742994821.570262,1742994821.680436,132,1198.11,"11,398,775.35915586",91190202.87,9514.00,110.174
1742994821.680436,1742994821.794546,31,271.67,"2,584,646.552815224",20677172.42,9514.00,114.110
1742994821.794546,1742994821.904599,29,263.51,"2,507,027.00938483",20056216.08,9514.00,110.053
1742994821.904599,1742994822.10805,67,329.32,"3,133,125.466582917",25065003.73,9514.00,203.451
1742994822.10805,1742994822.228676,38,315.02,"2,997,132.307118207",23977058.46,9514.00,120.626
1742994822.228676,1742994822.507748,18,64.50,"613,648.5133069973",4909188.11,9514.00,279.072
1742994822.507748,1742994822.659479,8,52.72,"501,624.5384990085",4012996.31,9514.00,151.731
1742994822.659479,1742994822.785242,10,79.51,"756,501.2399500274",6052009.92,9514.00,125.763
1742994822.785242,1742994822.975348,12,63.12,"600,549.4356039038",4804395.48,9514.00,190.106
1742994822.975348,1742994823.122039,15,102.26,"972,860.764253568",7782886.11,9514.00,146.691
1742994823.122039,1742994823.319216,32,162.29,"1,544,034.5628787696",12352276.50,9514.00,197.177
1742994823.319216,1742994823.431701,8,71.12,"676,641.7393280147",5413133.91,9514.00,112.485
1742994823.431701,1742994823.722936,24,82.41,"784,026.7256616304",6272213.81,9514.00,291.235
1742994823.722936,1742994823.860923,10,72.47,"689,484.557605916",5515876.46,9514.00,137.987
1742994823.860923,1742994824.044702,3,16.32,"155,306.10030551683",1242448.80,9514.00,183.779
1742994824.044702,1742994824.391072,6,17.32,"164,806.4295554526",1318451.44,9514.00,346.370
1742994824.391072,1742994824.67511,38,133.78,"1,272,829.3921711817",10182635.14,9514.00,284.038
1742994824.67511,1742994824.8674,7,36.40,"346,341.7709523113",2770734.17,9514.00,192.290
1742994824.8674,1742994825.126006,9,34.80,"331,106.06183620484",2648848.49,9514.00,258.606
1742994825.126006,1742994825.679127,1,1.81,"17,200.573569004267",137604.59,9514.00,553.121
1742994825.679127,1742994825.977009,8,26.86,"255,510.50261243724",2044084.02,9514.00,297.882
1742994825.977009,1742994826.087645,5,45.19,"429,968.5615710681",3439748.49,9514.00,110.636
1742994826.087645,1742994826.42405,16,47.56,"452,502.1400624387",3620017.12,9514.00,336.405
1742994826.42405,1742994826.561071,12,87.58,"833,216.4025703532",6665731.22,9514.00,137.021
1742994826.561071,1742994826.723203,2,12.34,"117,361.1445831146",938889.16,9514.00,162.132
1742994826.723203,1742994826.918207,41,210.25,"2,000,338.5945279775",16002708.76,9514.00,195.004
1742994826.918207,1742994827.079956,51,315.30,"2,999,793.6707167337",23998349.37,9514.00,161.749
1742994827.079956,1742994827.206778,33,260.21,"2,475,611.588833117",19804892.71,9514.00,126.822
1742994827.206778,1742994827.324137,13,110.77,"1,053,878.1106901322",8431024.89,9514.00,117.359
1742994827.324137,1742994827.448694,50,401.42,"3,819,134.4539938364",30553075.63,9514.00,124.557
1742994827.448694,1742994827.568741,150,1249.51,"11,887,834.77400827",95102678.19,9514.00,120.047
1742994827.568741,1742994827.680746,86,767.82,"7,305,067.041625601",58440536.33,9514.00,112.005
1742994827.680746,1742994827.816496,68,500.92,"4,765,767.017591188",38126136.14,9514.00,135.750
1742994827.816496,1742994827.926508,156,1418.03,"13,491,103.384167273",107928827.07,9514.00,110.012
1742994827.926508,1742994828.03731,112,1010.81,"9,616,871.746110165",76934973.97,9514.00,110.802
1742994828.03731,1742994828.147878,118,1067.22,"10,153,494.023167355",81227952.19,9514.00,110.568
1742994828.147878,1742994828.265824,30,254.35,"2,419,917.9459149144",19359343.57,9514.00,117.946
1742994828.265824,1742994828.376634,100,902.45,"8,585,882.964907374",68687063.72,9514.00,110.810
1742994828.376634,1742994828.492098,120,1039.28,"9,887,739.196022235",79101913.57,9514.00,115.464
1742994828.492098,1742994828.604193,128,1141.89,"10,863,939.630695933",86911517.05,9514.00,112.095
1742994828.604193,1742994828.714199,137,1245.39,"11,848,598.135392578",94788785.08,9514.00,110.006
1742994828.714199,1742994828.830927,85,728.19,"6,927,996.58033628",55423972.64,9514.00,116.728
1742994828.830927,1742994828.978795,72,486.92,"4,632,559.277966605",37060474.22,9514.00,147.868
1742994828.978795,1742994829.089216,120,1086.75,"10,339,343.028162172",82714744.23,9514.00,110.421
1742994829.089216,1742994829.202779,138,1215.18,"11,561,259.367330229",92490074.94,9514.00,113.563
1742994829.202779,1742994829.317393,136,1186.59,"11,289,230.71108282",90313845.69,9514.00,114.614
1742994829.317393,1742994829.52348,50,242.62,"2,308,249.8693299675",18465998.95,9514.00,206.087
1742994829.52348,1742994829.633675,89,807.66,"7,684,057.999238412",61472463.99,9514.00,110.195
1742994829.633675,1742994829.744897,161,1447.56,"13,772,067.466990212",110176539.74,9514.00,111.222
1742994829.744897,1742994829.855176,102,924.93,"8,799,746.70974437",70397973.68,9514.00,110.279
1742994829.855176,1742994830.016692,80,495.31,"4,712,351.904252288",37698815.23,9514.00,161.516
1742994830.016692,1742994830.143947,72,565.79,"5,382,957.051541369",43063656.41,9514.00,127.255
1742994830.143947,1742994830.25851,130,1134.74,"10,795,959.887203883",86367679.10,9514.00,114.563
1742994830.25851,1742994830.368941,126,1140.98,"10,855,325.758733626",86842606.07,9514.00,110.431
1742994830.368941,1742994830.488957,106,883.22,"8,402,922.774777854",67223382.20,9514.00,120.016
1742994830.488957,1742994830.616371,12,94.18,"896,039.7652602014",7168318.12,9514.00,127.414
1742994830.616371,1742994830.73764,134,1104.98,"10,512,794.941606916",84102359.53,9514.00,121.269
1742994830.73764,1742994830.852941,138,1196.87,"11,386,982.720153512",91095861.76,9514.00,115.301
1742994830.852941,1742994830.970267,142,1210.30,"11,514,819.868994374",92118558.95,9514.00,117.326
1742994830.970267,1742994831.100496,72,552.87,"5,260,026.718963055",42080213.75,9514.00,130.229
1742994831.100496,1742994831.217373,74,633.15,"6,023,742.568992916",48189940.55,9514.00,116.877
1742994831.217373,1742994831.333181,136,1174.36,"11,172,836.825950006",89382694.61,9514.00,115.808
1742994831.333181,1742994831.44495,140,1252.58,"11,917,057.717974206",95336461.74,9514.00,111.769
1742994831.44495,1742994831.554968,111,1008.93,"9,598,918.876010133",76791351.01,9514.00,110.018
1742994831.554968,1742994831.733872,75,419.22,"3,988,455.9617365673",31907647.69,9514.00,178.904
1742994831.733872,1742994831.84695,28,247.62,"2,355,822.737364111",18846581.90,9514.00,113.078
1742994831.84695,1742994831.957445,140,1267.03,"12,054,498.24217983",96435985.94,9514.00,110.495
1742994831.957445,1742994832.067464,130,1181.61,"11,241,855.251617713",89934842.01,9514.00,110.019
1742994832.067464,1742994832.177486,125,1136.14,"10,809,218.536617078",86473748.29,9514.00,110.022
1742994832.177486,1742994832.297952,79,655.79,"6,239,154.933142808",49913239.47,9514.00,120.466
1742994832.297952,1742994832.428765,74,565.69,"5,381,998.306712596",43055986.45,9514.00,130.813
1742994832.428765,1742994832.540067,111,997.29,"9,488,193.911360355",75905551.29,9514.00,111.302
1742994832.540067,1742994832.65394,143,1255.78,"11,947,537.531265572",95580300.25,9514.00,113.873
1742994832.65394,1742994832.771462,128,1089.16,"10,362,246.95696488",82897975.66,9514.00,117.522
1742994832.771462,1742994832.901324,44,338.82,"3,223,543.2542423913",25788346.03,9514.00,129.862
1742994832.901324,1742994833.015041,94,826.61,"7,864,394.746907524",62915157.98,9514.00,113.717
1742994833.015041,1742994833.125241,110,998.19,"9,496,739.392659646",75973915.14,9514.00,110.200
1742994833.125241,1742994833.257587,152,1148.51,"10,926,880.529260546",87415044.23,9514.00,132.346
1742994833.257587,1742994833.384314,79,623.39,"5,930,901.718474146",47447213.75,9514.00,126.727
1742994833.384314,1742994833.496729,12,106.75,"1,015,595.4780085769",8124763.82,9514.00,112.415
1742994833.496729,1742994833.609105,161,1432.69,"13,630,589.233283829",109044713.87,9514.00,112.376
1742994833.609105,1742994833.719885,98,884.64,"8,416,428.906128334",67331431.25,9514.00,110.780
1742994833.719885,1742994833.830097,154,1397.31,"13,293,997.06535255",106351976.52,9514.00,110.212
1742994833.830097,1742994833.944026,20,175.55,"1,670,162.5083864704",13361300.07,9514.00,113.929
1742994833.944026,1742994834.055313,61,548.13,"5,214,925.281756404",41719402.25,9514.00,111.287
1742994834.055313,1742994834.165902,119,1076.06,"10,237,620.01898056",81900960.15,9514.00,110.589
1742994834.165902,1742994834.277674,128,1145.19,"10,895,316.733932586",87162533.87,9514.00,111.772
1742994834.277674,1742994834.391067,120,1058.27,"10,068,340.304916896",80546722.44,9514.00,113.393
1742994834.391067,1742994834.516554,82,653.45,"6,216,958.29619004",49735666.37,9514.00,125.487
1742994834.516554,1742994834.641303,16,128.26,"1,220,242.7821074661",9761942.26,9514.00,124.749
1742994834.641303,1742994834.754601,97,856.15,"8,145,408.519320042",65163268.15,9514.00,113.298
1742994834.754601,1742994834.869532,146,1270.33,"12,085,883.808885274",96687070.47,9514.00,114.931
1742994834.869532,1742994834.981643,139,1239.84,"11,795,878.474830242",94367027.80,9514.00,112.111
1742994834.981643,1742994835.097995,108,928.22,"8,831,058.185895544",70648465.49,9514.00,116.352
1742994835.097995,1742994835.262886,99,600.40,"5,712,173.338380544",45697386.71,9514.00,164.891
1742994835.262886,1742994835.373621,84,758.57,"7,217,017.529117936",57736140.23,9514.00,110.735
1742994835.373621,1742994835.483647,125,1136.09,"10,808,796.92643066",86470375.41,9514.00,110.026
1742994835.483647,1742994835.594997,134,1203.41,"11,449,286.46954511",91594291.76,9514.00,111.350
1742994835.594997,1742994835.705007,151,1372.60,"13,058,922.635227215",104471381.08,9514.00,110.010
1742994835.705007,1742994835.817626,135,1198.73,"11,404,744.102058185",91237952.82,9514.00,112.619
1742994835.817626,1742994835.930737,130,1149.31,"10,934,566.848249028",87476534.79,9514.00,113.111
1742994835.930737,1742994836.123175,5,25.98,"247,196.64455988593",1977573.16,9514.00,192.438
1742994836.123175,1742994836.288718,1,6.04,"57,471.445111746725",459771.56,9514.00,165.543
1742994836.288718,1742994836.420153,6,45.65,"434,313.81179005874",3474510.49,9514.00,131.435
1742994836.420153,1742994836.540279,25,208.11,"1,980,004.1806507953",15840033.45,9514.00,120.126
1742994836.540279,1742994836.654203,11,96.56,"918,629.7502385776",7349038.00,9514.00,113.924
1742994836.654203,1742994836.816343,6,37.01,"352,065.83126024716",2816526.65,9514.00,162.140
1742994836.816343,1742994836.927594,2,17.98,"171,036.85335390683",1368294.83,9514.00,111.251
1742994836.927594,1742994837.221576,4,13.61,"129,450.0896346458",1035600.72,9514.00,293.982
1742994837.221576,1742994837.367655,13,88.99,"846,678.4842957401",6773427.87,9514.00,146.079
1742994837.367655,1742994837.600611,16,68.68,"653,445.4748149604",5227563.80,9514.00,232.956
1742994837.600611,1742994837.769515,13,76.97,"732,261.8268832003",5858094.62,9514.00,168.904
1742994837.769515,1742994837.913113,2,13.93,"132,508.73578684163",1060069.89,9514.00,143.598
1742994837.913113,1742994838.241634,1,3.04,"28,960.116767640407",231680.93,9514.00,328.521
1742994838.241634,1742994838.497438,5,19.55,"185,962.64519255862",1487701.16,9514.00,255.804
1742994838.497438,1742994838.661207,1,6.11,"58,094.020291251814",464752.16,9514.00,163.769
1742994838.661207,1742994838.779529,27,228.19,"2,171,005.468520731",17368043.75,9514.00,118.322
1742994838.779529,1742994838.993725,20,93.37,"888,345.391900962",7106763.14,9514.00,214.196
1742994838.993725,1742994839.108206,34,296.99,"2,825,587.4625214506",22604699.70,9514.00,114.481
1742994839.108206,1742994839.23426,24,190.39,"1,811,413.458337195",14491307.67,9514.00,126.054
1742994839.23426,1742994839.348408,60,525.63,"5,000,880.369445936",40007042.96,9514.00,114.148
1742994839.348408,1742994839.458894,130,1176.62,"11,194,356.368156198",89554850.95,9514.00,110.486
1742994839.458894,1742994839.620295,44,272.61,"2,593,638.9078667285",20749111.26,9514.00,161.401
1742994839.620295,1742994839.735294,126,1095.66,"10,424,120.363510463",83392962.91,9514.00,114.999
1742994839.735294,1742994839.84803,152,1348.28,"12,827,563.249392511",102620506.00,9514.00,112.736
1742994839.84803,1742994839.962504,130,1135.63,"10,804,391.80668891",86435134.45,9514.00,114.474
1742994839.962504,1742994840.09088,124,965.91,"9,189,692.27064452",73517538.17,9514.00,128.376
1742994840.09088,1742994840.20991,44,369.65,"3,516,894.936512515",28135159.49,9514.00,119.030
1742994840.20991,1742994840.321046,118,1061.76,"10,101,587.239445744",80812697.92,9514.00,111.136
1742994840.321046,1742994840.432457,126,1130.95,"10,759,849.088161338",86078792.71,9514.00,111.411
1742994840.432457,1742994840.543047,138,1247.85,"11,872,070.030113313",94976560.24,9514.00,110.590
1742994840.543047,1742994840.655003,144,1286.22,"12,237,080.077993432",97896640.62,9514.00,111.956
1742994840.655003,1742994840.787521,100,754.62,"7,179,412.085927099",57435296.69,9514.00,132.518
1742994840.787521,1742994840.933341,24,164.59,"1,565,874.224828078",12526993.80,9514.00,145.820
1742994840.933341,1742994841.046093,125,1108.63,"10,547,488.416547548",84379907.33,9514.00,112.752
1742994841.046093,1742994841.156389,111,1006.38,"9,574,725.238948153",76597801.91,9514.00,110.296
1742994841.156389,1742994841.266988,122,1103.08,"10,494,738.378032533",83957907.02,9514.00,110.599
1742994841.266988,1742994841.3801,108,954.81,"9,084,025.099062867",72672200.79,9514.00,113.112
1742994841.3801,1742994841.583139,66,325.06,"3,092,628.5773790022",24741028.62,9514.00,203.039
1742994841.583139,1742994841.701724,67,565.00,"5,375,362.906482342",43002903.25,9514.00,118.585
1742994841.701724,1742994841.817621,133,1147.57,"10,917,993.153869415",87343945.23,9514.00,115.897
1742994841.817621,1742994841.927914,117,1060.81,"10,092,561.566858768",80740492.53,9514.00,110.293
1742994841.927914,1742994842.059697,21,159.35,"1,516,083.1594281557",12128665.28,9514.00,131.783
1742994842.059697,1742994842.190204,2,15.32,"145,800.61695403245",1166404.94,9514.00,130.507
1742994842.190204,1742994842.323461,51,382.72,"3,641,185.4645933863",29129483.72,9514.00,133.257
1742994842.323461,1742994842.437907,79,690.28,"6,567,346.120740551",52538768.97,9514.00,114.446
1742994842.437907,1742994842.564359,28,221.43,"2,106,665.493606447",16853323.95,9514.00,126.452
1742994842.564359,1742994842.70026,52,382.63,"3,640,356.536397607",29122852.29,9514.00,135.901
1742994842.70026,1742994842.812988,125,1108.86,"10,549,719.197319888",84397753.58,9514.00,112.728
1742994842.812988,1742994842.935647,91,741.89,"7,058,383.209281803",56467065.67,9514.00,122.659
1742994842.935647,1742994843.045793,108,980.52,"9,328,632.667760495",74629061.34,9514.00,110.146
1742994843.045793,1742994843.159157,26,229.35,"2,182,033.457885981",17456267.66,9514.00,113.364
1742994843.159157,1742994843.275262,42,361.74,"3,441,606.527479568",27532852.22,9514.00,116.105
1742994843.275262,1742994843.400838,98,780.41,"7,424,775.649821626",59398205.20,9514.00,125.576
1742994843.400838,1742994843.512742,130,1161.71,"11,052,495.04278166",88419960.34,9514.00,111.904
1742994843.512742,1742994843.623106,124,1123.56,"10,689,504.047837546",85516032.38,9514.00,110.364
1742994843.623106,1742994843.733596,110,995.56,"9,471,800.228643438",75774401.83,9514.00,110.490
1742994843.733596,1742994843.844656,17,153.07,"1,456,313.1610174768",11650505.29,9514.00,111.060
1742994843.844656,1742994843.95707,92,818.40,"7,786,281.539413657",62290252.32,9514.00,112.414
1742994843.95707,1742994844.069097,113,1008.69,"9,596,638.963400904",76773111.71,9514.00,112.027
1742994844.069097,1742994844.182519,124,1093.26,"10,401,305.423172163",83210443.39,9514.00,113.422
1742994844.182519,1742994844.295103,128,1136.93,"10,816,730.317670876",86533842.54,9514.00,112.584
1742994844.295103,1742994844.41709,92,754.18,"7,175,264.261803968",57402114.09,9514.00,121.987
1742994844.41709,1742994844.550431,60,449.97,"4,281,051.463882576",34248411.71,9514.00,133.341
1742994844.550431,1742994844.661576,64,575.82,"5,478,392.127402526",43827137.02,9514.00,111.145
1742994844.661576,1742994844.780429,136,1144.27,"10,886,604.392766371",87092835.14,9514.00,118.853
1742994844.780429,1742994844.890475,140,1272.19,"12,103,649.428663662",96829195.43,9514.00,110.046
1742994844.890475,1742994845.049361,112,704.91,"6,706,495.829439869",53651966.64,9514.00,158.886
1742994845.049361,1742994845.165159,30,259.07,"2,464,809.4835410095",19718475.87,9514.00,115.798
1742994845.165159,1742994845.279409,84,735.23,"6,994,979.316534467",55959834.53,9514.00,114.250
1742994845.279409,1742994845.389937,124,1121.89,"10,673,640.007385869",85389120.06,9514.00,110.528
1742994845.389937,1742994845.500122,120,1089.08,"10,361,469.199870173",82891753.60,9514.00,110.185
1742994845.500122,1742994845.632058,98,742.79,"7,066,859.4382656375",56534875.51,9514.00,131.936
1742994845.632058,1742994845.853618,30,135.40,"1,288,228.9142033164",10305831.31,9514.00,221.560
1742994845.853618,1742994846.190072,1,2.97,"28,277.255350976586",226218.04,9514.00,336.454
1742994846.190072,1742994846.595264,1,2.47,"23,480.232548670254",187841.86,9514.00,405.192
1742994846.595264,1742994846.712705,59,502.38,"4,779,645.028561684",38237160.23,9514.00,117.441
1742994846.712705,1742994846.823638,65,585.94,"5,574,622.8384631425",44596982.71,9514.00,110.933
1742994846.823638,1742994846.939619,121,1043.27,"9,925,703.241738273",79405625.93,9514.00,115.981
1742994846.939619,1742994847.053056,122,1075.49,"10,232,187.392377714",81857499.14,9514.00,113.437
1742994847.053056,1742994847.178292,2,15.97,"151,937.10094845016",1215496.81,9514.00,125.236
1742994847.178292,1742994847.289077,36,324.95,"3,091,609.666332376",24732877.33,9514.00,110.785
1742994847.289077,1742994847.4015,132,1174.14,"11,170,744.735909877",89365957.89,9514.00,112.423
1742994847.4015,1742994847.51545,114,1000.44,"9,518,173.459033646",76145387.67,9514.00,113.950
1742994847.51545,1742994847.625472,112,1017.98,"9,685,038.821217598",77480310.57,9514.00,110.022
1742994847.625472,1742994847.736876,36,323.15,"3,074,433.395431257",24595467.16,9514.00,111.404
1742994847.736876,1742994847.855552,56,471.87,"4,489,401.707913204",35915213.66,9514.00,118.676
1742994847.855552,1742994847.971985,126,1082.17,"10,295,728.198805789",82365825.59,9514.00,116.433
1742994847.971985,1742994848.082949,142,1279.70,"12,175,031.310380392",97400250.48,9514.00,110.964
1742994848.082949,1742994848.229724,96,654.06,"6,222,748.798487376",49781990.39,9514.00,146.775
1742994848.229724,1742994848.35395,42,338.09,"3,216,618.9035663153",25732951.23,9514.00,124.226
1742994848.35395,1742994848.469956,166,1430.96,"13,614,169.91494644",108913359.32,9514.00,116.006
1742994848.469956,1742994848.58756,156,1326.49,"12,620,181.1350364",100961449.08,9514.00,117.604
1742994848.58756,1742994848.702921,124,1074.89,"10,226,473.877191495",81811791.02,9514.00,115.361
1742994848.702921,1742994848.813268,114,1033.10,"9,828,954.843330907",78631638.75,9514.00,110.347
1742994848.813268,1742994848.927166,92,807.74,"7,684,838.200279241",61478705.60,9514.00,113.898
1742994848.927166,1742994849.040356,77,680.27,"6,472,112.5210625315",51776900.17,9514.00,113.190
1742994849.040356,1742994849.151693,62,556.87,"5,298,032.283625493",42384258.27,9514.00,111.337
1742994849.151693,1742994849.301809,141,939.27,"8,936,251.27708884",71490010.22,9514.00,150.116
1742994849.301809,1742994849.447082,14,96.37,"916,867.0525356997",7334936.42,9514.00,145.273
1742994849.447082,1742994849.580006,1,7.52,"71,574.81979398159",572598.56,9514.00,132.924
1742994849.580006,1742994849.90999,2,6.06,"57,663.368995718374",461306.95,9514.00,329.984
1742994849.90999,1742994850.1905,3,10.69,"101,750.40182772595",814003.21,9514.00,280.510
1742994850.1905,1742994850.400443,15,71.45,"679,755.752090987",5438046.02,9514.00,209.943
1742994850.400443,1742994850.519188,6,50.53,"480,728.21620232426",3845825.73,9514.00,118.745
1742994850.519188,1742994850.63619,9,76.92,"731,833.5791597214",5854668.63,9514.00,117.002
1742994850.63619,1742994850.74719,24,216.22,"2,057,079.9499621966",16456639.60,9514.00,111.000
1742994850.74719,1742994850.94057,4,20.68,"196,793.75785080664",1574350.06,9514.00,193.380
1742994850.94057,1742994851.060086,12,100.41,"955,253.685664471",7642029.49,9514.00,119.516
1742994851.060086,1742994851.269451,3,14.33,"136,326.5820575307",1090612.66,9514.00,209.365
1742994851.269451,1742994851.394451,5,40.00,"380,560.0",3044480.00,9514.00,125.000
1742994851.394451,1742994851.705439,9,28.94,"275,335.21645472676",2202681.73,9514.00,310.988
1742994851.705439,1742994851.816855,5,44.88,"426,958.95093641937",3415671.61,9514.00,111.416
1742994851.816855,1742994852.246723,21,48.85,"464,779.9044457645",3718239.24,9514.00,429.868
1742994852.246723,1742994852.426375,4,22.27,"211,831.79236511549",1694654.34,9514.00,179.652
1742994852.426375,1742994852.932261,6,11.86,"112,839.63424951928",902717.07,9514.00,505.886
1742994852.932261,1742994853.073533,5,35.39,"336,726.15305685037",2693809.22,9514.00,141.272
1742994853.073533,1742994854.025218,3,3.15,"29,991.0174544099",239928.14,9514.00,951.685
1742994854.025218,1742994854.158882,6,44.89,"427,071.2069450811",3416569.66,9514.00,133.664
1742994854.158882,1742994854.293336,10,74.37,"707,602.5374285608",5660820.30,9514.00,134.454
1742994854.293336,1742994854.440585,1,6.79,"64,611.651513017176",516893.21,9514.00,147.249
1742994854.440585,1742994854.589554,2,13.43,"127,731.12424338452",1021848.99,9514.00,148.969
1742994854.589554,1742994854.791091,2,9.92,"94,414.47487362579",755315.80,9514.00,201.537
1742994854.791091,1742994854.985902,3,15.40,"146,511.1544504508",1172089.24,9514.00,194.811
1742994854.985902,1742994855.11812,4,30.25,"287,827.9309148481",2302623.45,9514.00,132.218
1742994855.11812,1742994855.263904,19,130.33,"1,239,956.558064838",9919652.46,9514.00,145.784
1742994855.263904,1742994855.421782,4,25.34,"241,047.0033041976",1928376.03,9514.00,157.878
1742994855.421782,1742994855.545125,12,97.29,"925,614.0068427218",7404912.05,9514.00,123.343
1742994855.545125,1742994855.770762,6,26.59,"252,990.46855524677",2023923.75,9514.00,225.637
1742994855.770762,1742994855.99022,2,9.11,"86,704.47672829434",693635.81,9514.00,219.458
1742994855.99022,1742994856.236436,7,28.43,"270,486.27466534456",2163890.20,9514.00,246.216
1742994856.236436,1742994856.412195,4,22.76,"216,523.66770439522",1732189.34,9514.00,175.759
1742994856.412195,1742994856.546628,14,104.14,"990,798.1611944957",7926385.29,9514.00,134.433
1742994856.546628,1742994856.77905,2,8.61,"81,868.28576733422",654946.29,9514.00,232.422
1742994856.77905,1742994857.022639,2,8.21,"78,115.21006649792",624921.68,9514.00,243.589
1742994857.022639,1742994857.28693,4,15.13,"143,992.76964088055",1151942.16,9514.00,264.291
1742994857.28693,1742994857.396991,17,154.46,"1,469,531.4643404118",11756251.71,9514.00,110.061
1742994857.396991,1742994857.575479,3,16.81,"159,909.89546012532",1279279.16,9514.00,178.488
1742994857.575479,1742994857.6921,11,94.32,"897,385.4137350146",7179083.31,9514.00,116.621
1742994857.6921,1742994857.903212,18,85.26,"811,190.1826017428",6489521.46,9514.00,211.112
1742994857.903212,1742994858.152963,8,32.03,"304,751.7124056472",2438013.70,9514.00,249.751
1742994858.152963,1742994858.593609,4,9.08,"86,364.077246884",690912.62,9514.00,440.646
1742994858.593609,1742994858.779223,8,43.10,"410,055.56182556413",3280444.49,9514.00,185.614
1742994858.779223,1742994859.119591,2,5.88,"55,904.1924787424",447233.54,9514.00,340.368
1742994859.119591,1742994859.242456,10,81.39,"774,346.0685808982",6194768.55,9514.00,122.865
1742994859.242456,1742994859.947313,2,2.84,"26,995.54236406963",215964.34,9514.00,704.857
1742994859.947313,1742994860.078577,12,91.42,"869,758.8442915499",6958070.75,9514.00,131.264
1742994860.078577,1742994860.391676,2,6.39,"60,773.128062672855",486185.02,9514.00,313.099
1742994860.391676,1742994860.533669,1,7.04,"67,003.2813644927",536026.25,9514.00,141.993
1742994860.533669,1742994860.689413,1,6.42,"61,087.39579755005",488699.17,9514.00,155.744
1742994860.689413,1742994861.192497,6,11.93,"113,468.14114109987",907745.13,9514.00,503.084
1742994861.192497,1742994861.554064,2,5.53,"52,626.48119315117",421011.85,9514.00,361.567
1742994861.554064,1742994861.722089,2,11.90,"113,245.04150703514",905960.33,9514.00,168.025
1742994861.722089,1742994862.06521,2,5.83,"55,455.64721496101",443645.18,9514.00,343.121
1742994862.06521,1742994862.19577,4,30.64,"291,483.01891864254",2331864.15,9514.00,130.560
1742994862.19577,1742994862.309892,5,43.81,"416,834.9300341368",3334679.44,9514.00,114.122
1742994862.309892,1742994862.434506,8,64.20,"610,782.0935391232",4886256.75,9514.00,124.614
1742994862.434506,1742994862.553057,12,101.22,"963,028.4411962859",7704227.53,9514.00,118.551
1742994862.553057,1742994862.695621,1,7.01,"66,734.9128047669",533879.30,9514.00,142.564
1742994862.695621,1742994862.819675,4,32.24,"306,769.74366543663",2454157.95,9514.00,124.054
1742994862.819675,1742994862.997274,2,11.26,"107,140.27111144524",857122.17,9514.00,177.599
1742994862.997274,1742994863.119377,8,65.52,"623,342.7111261245",4986741.69,9514.00,122.103
1742994863.119377,1742994863.23681,6,51.09,"486,098.1616810476",3888785.29,9514.00,117.433
1742994863.23681,1742994863.380517,4,27.83,"264,816.53788048466",2118532.30,9514.00,143.707
1742994863.380517,1742994863.507622,1,7.87,"74,851.50212054765",598812.02,9514.00,127.105
1742994863.507622,1742994863.721292,2,9.36,"89,053.20650705147",712425.65,9514.00,213.670
1742994863.721292,1742994863.857381,18,132.27,"1,258,381.5819719376",10067052.66,9514.00,136.089
1742994863.857381,1742994864.002565,15,103.32,"982,960.8976836988",7863687.18,9514.00,145.184
1742994864.002565,1742994864.147684,7,48.24,"458,919.3193597887",3671354.55,9514.00,145.119
1742994864.147684,1742994864.259511,15,134.14,"1,276,168.8310492157",10209350.65,9514.00,111.827
1742994864.259511,1742994864.674848,6,14.45,"137,440.17079647543",1099521.37,9514.00,415.337
1742994864.674848,1742994864.811038,3,22.03,"209,574.95469012047",1676599.64,9514.00,136.190
1742994864.811038,1742994865.029223,2,9.17,"87,210.41564623323",697683.33,9514.00,218.185
1742994865.029223,1742994865.22472,17,86.96,"827,316.8909648354",6618535.13,9514.00,195.497
1742994865.22472,1742994865.365197,8,56.95,"541,811.338448718",4334490.71,9514.00,140.477
1742994865.365197,1742994865.486054,8,66.19,"629,769.0640921188",5038152.51,9514.00,120.857
1742994865.486054,1742994865.693717,9,43.34,"412,331.40027692245",3298651.20,9514.00,207.663
1742994865.693717,1742994866.120189,9,21.10,"200,777.56644097873",1606220.53,9514.00,426.472
1742994866.120189,1742994866.263755,21,146.27,"1,391,651.3441211637",11133210.75,9514.00,143.566
1742994866.263755,1742994866.71944,12,26.33,"250,541.5473036147",2004332.38,9514.00,455.685
1742994866.71944,1742994866.872501,18,117.60,"1,118,848.6763034593",8950789.41,9514.00,153.061
1742994866.872501,1742994867.125667,3,11.85,"112,740.16888165627",901921.35,9514.00,253.166
1742994867.125667,1742994867.338403,2,9.40,"89,444.239427354",715553.92,9514.00,212.736
1742994867.338403,1742994867.680045,10,29.27,"278,478.7205136257",2227829.76,9514.00,341.642
1742994867.680045,1742994867.840889,1,6.22,"59,150.44899641136",473203.59,9514.00,160.844
1742994867.840889,1742994868.004076,5,30.64,"291,506.0154049347",2332048.12,9514.00,163.187
1742994868.004076,1742994868.119305,6,52.07,"495,396.59125397005",3963172.73,9514.00,115.229
1742994868.119305,1742994868.289525,18,105.75,"1,006,061.9347269785",8048495.48,9514.00,170.220
1742994868.289525,1742994868.496228,4,19.35,"184,109.61449176737",1472876.92,9514.00,206.703
1742994868.496228,1742994868.658491,3,18.49,"175,899.71020012343",1407197.68,9514.00,162.263
1742994868.658491,1742994869.224198,5,8.84,"84,089.43608002199",672715.49,9514.00,565.707
1742994869.224198,1742994870.154187,8,8.60,"81,841.84046170696",654734.72,9514.00,929.989
1742994870.154187,1742994870.264634,8,72.43,"689,127.3487376092",5513018.79,9514.00,110.447
1742994870.264634,1742994870.579673,32,101.57,"966,381.4557557686",7731051.65,9514.00,315.039
1742994870.579673,1742994870.710039,12,92.05,"875,750.8295116625",7006006.64,9514.00,130.366
1742994870.710039,1742994870.836248,28,221.85,"2,110,720.760708706",16885766.09,9514.00,126.209
1742994870.836248,1742994870.996876,6,37.35,"355,379.9551685188",2843039.64,9514.00,160.628
1742994870.996876,1742994871.153424,3,19.16,"182,321.0501941792",1458568.40,9514.00,156.548
1742994871.153424,1742994871.284209,15,114.69,"1,091,180.277968178",8729442.22,9514.00,130.785
1742994871.284209,1742994871.434309,38,253.16,"2,408,607.7112418893",19268861.69,9514.00,150.100
1742994871.434309,1742994871.574128,28,200.26,"1,905,264.5034010126",15242116.03,9514.00,139.819
1742994871.574128,1742994871.93767,2,5.50,"52,340.57087393413",418724.57,9514.00,363.542
1742994871.93767,1742994872.106978,6,35.44,"337,160.7828098838",2697286.26,9514.00,169.308
1742994872.106978,1742994872.299571,32,166.15,"1,580,783.546537855",12646268.37,9514.00,192.593
1742994872.299571,1742994872.40965,28,254.36,"2,420,006.348573223",19360050.79,9514.00,110.079
1742994872.40965,1742994872.57534,3,18.11,"172,261.50906103136",1378092.07,9514.00,165.690
1742994872.57534,1742994872.761928,17,91.11,"866,818.6463346226",6934549.17,9514.00,186.588
1742994872.761928,1742994873.11444,10,28.37,"269,891.61116829957",2159132.89,9514.00,352.512
1742994873.11444,1742994873.408566,10,34.00,"323,466.77638949006",2587734.21,9514.00,294.126
1742994873.408566,1742994873.625187,2,9.23,"87,840.0840349823",702720.67,9514.00,216.621
1742994873.625187,1742994873.975651,12,34.24,"325,762.3196605606",2606098.56,9514.00,350.464
1742994873.975651,1742994874.263699,2,6.94,"66,058.4280671202",528467.42,9514.00,288.048
1742994874.263699,1742994874.786909,8,15.29,"145,471.21216932134",1163769.70,9514.00,523.210
1742994874.786909,1742994875.200267,14,33.87,"322,229.17826282815",2577833.43,9514.00,413.358
1742994875.200267,1742994875.802695,2,3.32,"31,585.519399896944",252684.16,9514.00,602.428
1742994875.802695,1742994875.916026,6,52.94,"503,692.36982823",4029538.96,9514.00,113.331
1742994875.916026,1742994876.097821,5,27.50,"261,668.53281888727",2093348.26,9514.00,181.795
1742994876.097821,1742994876.292264,29,149.14,"1,418,955.7753131925",11351646.20,9514.00,194.443
1742994876.292264,1742994876.516769,6,26.73,"254,266.11125671965",2034128.89,9514.00,224.505
1742994876.516769,1742994877.250483,28,38.16,"363,073.2987918451",2904586.39,9514.00,733.714
1742994877.250483,1742994877.569163,20,62.76,"597,087.8980369448",4776703.18,9514.00,318.680
1742994877.569163,1742994877.706662,6,43.64,"415,159.819001512",3321278.55,9514.00,137.499
1742994877.706662,1742994877.948269,34,140.72,"1,338,852.2100983546",10710817.68,9514.00,241.607
1742994877.948269,1742994878.155269,11,53.14,"505,574.8373006412",4044598.70,9514.00,207.000
1742994878.155269,1742994878.351891,3,15.26,"145,161.68412730555",1161293.47,9514.00,196.622
1742994878.351891,1742994878.674333,32,99.24,"944,194.4545274397",7553555.64,9514.00,322.442
1742994878.674333,1742994878.801247,37,291.54,"2,773,678.189553178",22189425.52,9514.00,126.914
1742994878.801247,1742994878.921172,9,75.05,"713,996.1159279685",5711968.93,9514.00,119.925
1742994878.921172,1742994879.091077,36,211.88,"2,015,853.7162358237",16126829.73,9514.00,169.905
1742994879.091077,1742994879.251761,12,74.68,"710,513.1322502771",5684105.06,9514.00,160.684
1742994879.251761,1742994879.396081,4,27.72,"263,691.7756565927",2109534.21,9514.00,144.320
1742994879.396081,1742994879.57785,21,115.53,"1,099,163.5220272955",8793308.18,9514.00,181.769
1742994879.57785,1742994879.827471,8,32.05,"304,910.34841726633",2439282.79,9514.00,249.621
1742994879.827471,1742994880.074795,31,125.34,"1,192,500.5744780942",9540004.60,9514.00,247.324
1742994880.074795,1742994880.228085,2,13.05,"124,130.70560001244",993045.64,9514.00,153.290
1742994880.228085,1742994880.380842,6,39.28,"373,691.7220391785",2989533.78,9514.00,152.757
1742994880.380842,1742994880.521932,32,226.81,"2,157,829.617712167",17262636.94,9514.00,141.090
1742994880.521932,1742994880.747842,1,4.43,"42,114.081423819254",336912.65,9514.00,225.910
1742994880.747842,1742994881.215103,11,23.54,"223,973.4032657868",1791787.23,9514.00,467.261
1742994881.215103,1742994882.138018,9,9.75,"92,777.77659335373",742222.21,9514.00,922.915
1742994882.138018,1742994882.279219,7,49.57,"471,653.81904633256",3773230.55,9514.00,141.201
1742994882.279219,1742994882.636646,11,30.78,"292,798.1512395625",2342385.21,9514.00,357.427
1742994882.636646,1742994882.971493,1,2.99,"28,412.978928406137",227303.83,9514.00,334.847
1742994882.971493,1742994883.214697,2,8.22,"78,238.88387376958",625911.07,9514.00,243.204
1742994883.214697,1742994883.74277,5,9.47,"90,082.23006105471",720657.84,9514.00,528.073
1742994883.74277,1742994883.917101,23,131.93,"1,255,210.2783353871",10041682.23,9514.00,174.331
1742994883.917101,1742994884.036753,1,8.36,"79,513.90188041613",636111.22,9514.00,119.652
1742994884.036753,1742994884.7235,12,17.47,"166,244.61071799797",1329956.89,9514.00,686.747
1742994884.7235,1742994884.879216,30,192.66,"1,832,952.9759921606",14663623.81,9514.00,155.716
1742994884.879216,1742994885.192627,30,95.72,"910,689.1665455851",7285513.33,9514.00,313.411
1742994885.192627,1742994885.358601,1,6.03,"57,322.182783496566",458577.46,9514.00,165.974
1742994885.358601,1742994885.505418,10,68.11,"648,017.7373314172",5184141.90,9514.00,146.817
1742994885.505418,1742994885.634696,18,139.23,"1,324,680.7146917088",10597445.72,9514.00,129.278
1742994885.634696,1742994885.751763,63,538.15,"5,119,986.803107848",40959894.42,9514.00,117.067
1742994885.751763,1742994885.953589,3,14.86,"141,418.94602247557",1131351.57,9514.00,201.826
1742994885.953589,1742994886.066308,8,70.97,"675,236.2970527393",5401890.38,9514.00,112.719
1742994886.066308,1742994886.187124,6,49.66,"472,487.1176996442",3779896.94,9514.00,120.816
1742994886.187124,1742994886.418483,5,21.61,"205,611.18857366627",1644889.51,9514.00,231.359
1742994886.418483,1742994886.553979,8,59.04,"561,729.1695005024",4493833.36,9514.00,135.496
1742994886.553979,1742994886.747006,7,36.26,"345,019.05573767255",2760152.45,9514.00,193.027
1742994886.747006,1742994887.017943,4,14.76,"140,460.71516166956",1123685.72,9514.00,270.937
1742994887.017943,1742994887.878242,14,16.27,"154,825.22112119757",1238601.77,9514.00,860.299
1742994887.878242,1742994888.023794,1,6.87,"65,364.99143473511",522919.93,9514.00,145.552
1742994888.023794,1742994888.180843,31,197.39,"1,877,972.2487764",15023777.99,9514.00,157.049
1742994888.180843,1742994888.35805,3,16.93,"161,065.8783844146",1288527.03,9514.00,177.207
1742994888.35805,1742994888.50846,14,93.08,"885,553.1937641175",7084425.55,9514.00,150.410
1742994888.50846,1742994888.618685,10,90.72,"863,143.8657025375",6905150.93,9514.00,110.225
1742994888.618685,1742994888.733698,15,130.42,"1,240,817.5055089253",9926540.04,9514.00,115.013
1742994888.733698,1742994889.332793,21,35.05,"333,492.95956083824",2667943.68,9514.00,599.095
1742994889.332793,1742994889.461114,18,140.27,"1,334,560.1283645816",10676481.03,9514.00,128.321
1742994889.461114,1742994889.627256,9,54.17,"515,378.45203989383",4123027.62,9514.00,166.142
1742994889.627256,1742994889.754187,1,7.88,"74,953.99643868758",599631.97,9514.00,126.931
1742994889.754187,1742994889.875091,5,41.36,"393,452.75815013767",3147622.07,9514.00,120.904
1742994889.875091,1742994890.009607,14,104.08,"990,187.0354430424",7921496.28,9514.00,134.516
1742994890.009607,1742994890.201271,12,62.61,"595,667.4786347008",4765339.83,9514.00,191.664
1742994890.201271,1742994890.695017,12,24.30,"231,228.1825680458",1849825.46,9514.00,493.746
1742994890.695017,1742994890.812516,48,408.51,"3,886,607.436068714",31092859.49,9514.00,117.499
1742994890.812516,1742994890.967301,56,361.79,"3,442,092.469114238",27536739.75,9514.00,154.785
1742994890.967301,1742994891.079227,69,616.48,"5,865,174.649727767",46921397.20,9514.00,111.926
1742994891.079227,1742994891.189246,80,727.15,"6,918,079.762142624",55344638.10,9514.00,110.019
1742994891.189246,1742994891.369891,42,232.50,"2,212,007.109534368",17696056.88,9514.00,180.645
1742994891.369891,1742994891.578222,20,96.00,"913,353.755670608",7306830.05,9514.00,208.331
1742994891.578222,1742994891.688634,66,597.76,"5,687,105.285663387",45496842.29,9514.00,110.412
1742994891.688634,1742994891.807542,72,605.51,"5,760,815.408586089",46086523.27,9514.00,118.908
1742994891.807542,1742994891.917728,69,626.21,"5,957,806.1154293055",47662448.92,9514.00,110.186
1742994891.917728,1742994892.036538,70,589.18,"5,605,423.323975317",44843386.59,9514.00,118.810
1742994892.036538,1742994892.160742,161,1296.25,"12,332,550.012891833",98660400.10,9514.00,124.204
1742994892.160742,1742994892.277677,64,547.31,"5,207,131.51174915",41657052.09,9514.00,116.935
1742994892.277677,1742994892.388674,51,459.47,"4,371,416.956226439",34971335.65,9514.00,110.997
1742994892.388674,1742994892.510113,216,1778.67,"16,922,276.50680865",135378212.05,9514.00,121.439
1742994892.510113,1742994892.629973,54,450.53,"4,286,303.049603266",34290424.40,9514.00,119.860
1742994892.629973,1742994892.74872,72,606.33,"5,768,634.352884486",46149074.82,9514.00,118.747
1742994892.74872,1742994892.867558,120,1009.78,"9,607,022.248722522",76856177.99,9514.00,118.838
1742994892.867558,1742994892.981684,86,753.55,"7,169,306.173899419",57354449.39,9514.00,114.126
1742994892.981684,1742994893.096585,138,1201.03,"11,426,630.297611685",91413042.38,9514.00,114.901
1742994893.096585,1742994893.216994,110,913.55,"8,691,542.136260673",69532337.09,9514.00,120.409
1742994893.216994,1742994893.374186,3,19.08,"181,574.13537465627",1452593.08,9514.00,157.192
1742994893.374186,1742994893.488372,175,1532.59,"14,581,028.258350369",116648226.07,9514.00,114.186
1742994893.488372,1742994893.610083,116,953.08,"9,067,576.945611399",72540615.56,9514.00,121.711
1742994893.610083,1742994893.720136,148,1344.81,"12,794,510.386568312",102356083.09,9514.00,110.053
1742994893.720136,1742994893.880769,148,921.35,"8,765,765.664537271",70126125.32,9514.00,160.633
1742994893.880769,1742994893.99205,70,629.04,"5,984,673.8438465465",47877390.75,9514.00,111.281
1742994893.99205,1742994894.1023,102,925.17,"8,802,068.331766222",70416546.65,9514.00,110.250
1742994894.1023,1742994894.22814,130,1033.06,"9,828,497.785726735",78627982.29,9514.00,125.840
1742994894.22814,1742994894.338508,158,1431.58,"13,620,026.32107769",108960210.57,9514.00,110.368
1742994894.338508,1742994894.487424,148,993.85,"9,455,477.86962195",75643822.96,9514.00,148.916
1742994894.487424,1742994894.612469,76,607.78,"5,782,427.499120076",46259419.99,9514.00,125.045
1742994894.612469,1742994894.722523,120,1090.37,"10,373,814.971230503",82990519.77,9514.00,110.054
1742994894.722523,1742994894.853656,113,861.72,"8,198,404.276503058",65587234.21,9514.00,131.133
1742994894.853656,1742994894.964715,103,927.44,"8,823,620.21482348",70588961.72,9514.00,111.059
1742994894.964715,1742994895.07492,186,1687.76,"16,057,393.426293666",128459147.41,9514.00,110.205
1742994895.07492,1742994895.193805,96,807.50,"7,682,581.406577892",61460651.25,9514.00,118.885
1742994895.193805,1742994895.319289,54,430.33,"4,094,195.611444032",32753564.89,9514.00,125.484
1742994895.319289,1742994895.431162,84,750.85,"7,143,590.762534365",57148726.10,9514.00,111.873
1742994895.431162,1742994895.546974,104,898.01,"8,543,652.616827587",68349220.93,9514.00,115.812
1742994895.546974,1742994895.657235,150,1360.41,"12,942,930.620929448",103543444.97,9514.00,110.261
1742994895.657235,1742994895.784555,162,1272.38,"12,105,461.673595883",96843693.39,9514.00,127.320
1742994895.784555,1742994895.923968,16,114.77,"1,091,891.507686309",8735132.06,9514.00,139.413
1742994895.923968,1742994896.057587,44,329.29,"3,132,911.6927545955",25063293.54,9514.00,133.619
1742994896.057587,1742994896.176959,46,385.35,"3,666,215.908620824",29329727.27,9514.00,119.372
1742994896.176959,1742994896.288179,176,1582.45,"15,055,437.52932753",120443500.23,9514.00,111.220
1742994896.288179,1742994896.426475,110,795.39,"7,567,384.714855118",60539077.72,9514.00,138.296
1742994896.426475,1742994896.559123,30,226.16,"2,151,709.9313761084",17213679.45,9514.00,132.648
1742994896.559123,1742994896.669518,140,1268.17,"12,065,406.465758158",96523251.73,9514.00,110.395
1742994896.669518,1742994896.780008,121,1095.12,"10,418,980.251507781",83351842.01,9514.00,110.490
1742994896.780008,1742994896.890561,78,705.54,"6,712,543.523339796",53700348.19,9514.00,110.553
1742994896.890561,1742994897.004469,98,860.34,"8,185,320.805016703",65482566.44,9514.00,113.908
1742994897.004469,1742994897.117465,57,504.44,"4,799,262.924825927",38394103.40,9514.00,112.996
1742994897.117465,1742994897.229942,38,337.85,"3,214,273.0856976914",25714184.69,9514.00,112.477
1742994897.229942,1742994897.341563,158,1415.51,"13,467,119.145203045",107736953.16,9514.00,111.621
1742994897.341563,1742994897.453852,150,1335.84,"12,709,175.53495522",101673404.28,9514.00,112.289
1742994897.453852,1742994897.563855,83,754.52,"7,178,550.032398036",57428400.26,9514.00,110.003
1742994897.563855,1742994897.736968,145,837.60,"7,968,951.736109485",63751613.89,9514.00,173.113
1742994897.736968,1742994897.855196,104,879.66,"8,369,052.557904671",66952420.46,9514.00,118.228
1742994897.855196,1742994897.965315,190,1725.40,"16,415,498.564843582",131323988.52,9514.00,110.119
1742994897.965315,1742994898.125091,114,713.50,"6,788,229.69396955",54305837.55,9514.00,159.776
1742994898.125091,1742994898.243149,106,897.86,"8,542,278.273840753",68338226.19,9514.00,118.058
1742994898.243149,1742994898.381846,174,1254.53,"11,935,637.300952148",95485098.41,9514.00,138.697
1742994898.381846,1742994898.500615,48,404.15,"3,845,045.9924721923",30760367.94,9514.00,118.769
1742994898.500615,1742994898.610805,179,1624.46,"15,455,155.944063993",123641247.55,9514.00,110.190
1742994898.610805,1742994898.723931,127,1122.64,"10,680,812.351311421",85446498.81,9514.00,113.126
1742994898.723931,1742994898.835705,113,1010.97,"9,618,357.670479124",76946861.36,9514.00,111.774
1742994898.835705,1742994898.946232,127,1149.04,"10,931,967.558224615",87455740.47,9514.00,110.527
1742994898.946232,1742994899.144247,78,393.91,"3,747,655.9614802506",29981247.69,9514.00,198.015
1742994899.144247,1742994899.254442,24,217.80,"2,072,110.0111079619",16576880.09,9514.00,110.195
1742994899.254442,1742994899.364543,128,1162.57,"11,060,682.19751969",88485457.58,9514.00,110.101
1742994899.364543,1742994899.48676,168,1374.60,"13,077,990.669426372",104623925.36,9514.00,122.217
1742994899.48676,1742994899.650965,69,420.21,"3,997,842.3490096205",31982738.79,9514.00,164.205
1742994899.650965,1742994899.772016,161,1330.02,"12,653,782.912434882",101230263.30,9514.00,121.051
1742994899.772016,1742994899.882902,87,784.59,"7,464,594.772768223",59716758.18,9514.00,110.886
1742994899.882902,1742994899.992933,103,936.10,"8,906,043.393704062",71248347.15,9514.00,110.031
1742994899.992933,1742994900.106186,137,1209.68,"11,508,917.219956338",92071337.76,9514.00,113.253
1742994900.106186,1742994900.239279,81,608.60,"5,790,186.658144538",46321493.27,9514.00,133.093
1742994900.239279,1742994900.371513,44,332.74,"3,165,724.7696460155",25325798.16,9514.00,132.234
1742994900.371513,1742994900.485783,38,332.55,"3,163,834.2062910507",25310673.65,9514.00,114.270
1742994900.485783,1742994900.604008,72,609.01,"5,794,111.360478834",46352890.88,9514.00,118.225
1742994900.604008,1742994900.715553,160,1434.40,"13,646,858.46644466",109174867.73,9514.00,111.545
1742994900.715553,1742994900.825697,26,236.05,"2,245,825.6897118255",17966605.52,9514.00,110.144
1742994900.825697,1742994900.936793,110,990.13,"9,420,128.952574302",75361031.62,9514.00,111.096
1742994900.936793,1742994901.046952,161,1461.52,"13,904,947.470383517",111239579.76,9514.00,110.159
1742994901.046952,1742994901.166125,101,847.51,"8,063,182.075062819",64505456.60,9514.00,119.173
1742994901.166125,1742994901.278086,181,1616.64,"15,380,674.735275704",123045397.88,9514.00,111.961
1742994901.278086,1742994901.403574,28,223.13,"2,122,847.6752790525",16982781.40,9514.00,125.488
1742994901.403574,1742994901.515282,53,474.45,"4,513,932.170923535",36111457.37,9514.00,111.708
1742994901.515282,1742994901.625319,90,817.91,"7,781,558.1318617035",62252465.05,9514.00,110.037
1742994901.625319,1742994901.746228,132,1091.73,"10,386,722.687505545",83093781.50,9514.00,120.909
1742994901.746228,1742994901.857271,154,1386.85,"13,194,495.030411296",105555960.24,9514.00,111.043
1742994901.857271,1742994901.972857,29,250.90,"2,387,018.3134675324",19096146.51,9514.00,115.586
1742994901.972857,1742994902.10307,26,199.67,"1,899,687.110857214",15197496.89,9514.00,130.213
1742994902.10307,1742994902.215142,23,205.23,"1,952,512.8278021717",15620102.62,9514.00,112.072
1742994902.215142,1742994902.325539,102,923.94,"8,790,339.565591667",70322716.52,9514.00,110.397
1742994902.325539,1742994902.490801,90,544.59,"5,181,227.8900512",41449823.12,9514.00,165.262
1742994902.490801,1742994902.60491,32,280.43,"2,668,050.1208548974",21344400.97,9514.00,114.109
1742994902.60491,1742994902.741078,10,73.44,"698,695.7129900373",5589565.70,9514.00,136.168
1742994902.741078,1742994902.866509,4,31.89,"303,401.72330525226",2427213.79,9514.00,125.431
1742994902.866509,1742994903.008035,2,14.13,"134,448.8092411932",1075590.47,9514.00,141.526
1742994903.008035,1742994903.133465,40,318.90,"3,034,040.301392152",24272322.41,9514.00,125.430
1742994903.133465,1742994903.365373,4,17.25,"164,099.66672286807",1312797.33,9514.00,231.908
1742994903.365373,1742994903.493165,26,203.46,"1,935,674.9073337824",15485399.26,9514.00,127.792
1742994903.493165,1742994903.61029,18,153.68,"1,462,129.7741879013",11697038.19,9514.00,117.125
1742994903.61029,1742994903.774228,10,61.00,"580,341.1874823663",4642729.50,9514.00,163.938
1742994903.774228,1742994903.887022,5,44.33,"421,742.58131610765",3373940.65,9514.00,112.794
1742994903.887022,1742994904.080712,12,61.95,"589,436.5414262767",4715492.33,9514.00,193.690
1742994904.080712,1742994904.192226,3,26.90,"255,950.2628008458",2047602.10,9514.00,111.514
1742994904.192226,1742994904.647819,19,41.70,"396,770.7069688774",3174165.66,9514.00,455.593
1742994904.647819,1742994904.798108,17,113.12,"1,076,179.4731755606",8609435.79,9514.00,150.289
1742994904.798108,1742994904.922764,4,32.09,"305,288.2460844036",2442305.97,9514.00,124.656
1742994904.922764,1742994905.309193,8,20.70,"196,962.5284106614",1575700.23,9514.00,386.429
1742994905.309193,1742994905.529652,2,9.07,"86,310.74608212849",690485.97,9514.00,220.459
1742994905.529652,1742994906.227018,4,5.74,"54,571.05743966167",436568.46,9514.00,697.366
1742994906.227018,1742994906.46521,1,4.20,"39,942.593662573105",319540.75,9514.00,238.192
1742994906.46521,1742994906.606961,4,28.22,"268,470.67267011694",2147765.38,9514.00,141.751
1742994906.606961,1742994906.829542,2,8.99,"85,488.01432776476",683904.11,9514.00,222.581
1742994906.829542,1742994906.96393,15,111.62,"1,061,925.409179937",8495403.27,9514.00,134.388
1742994906.96393,1742994907.092008,12,93.69,"891,392.7596142212",7131142.08,9514.00,128.078
1742994907.092008,1742994907.346389,6,23.59,"224,403.60385434757",1795228.83,9514.00,254.381
1742994907.346389,1742994907.478307,5,37.90,"360,602.92584185186",2884823.41,9514.00,131.918
1742994907.478307,1742994907.915701,2,4.57,"43,503.12118580828",348024.97,9514.00,437.394
1742994907.915701,1742994908.043351,17,133.18,"1,267,042.471469155",10136339.77,9514.00,127.650
1742994908.043351,1742994908.78722,6,8.07,"76,739.31151440715",613914.49,9514.00,743.869
1742994908.78722,1742994908.906979,10,83.50,"794,428.2619757678",6355426.10,9514.00,119.759
1742994908.906979,1742994909.023922,1,8.55,"81,355.95594645398",650847.65,9514.00,116.943
1742994909.023922,1742994909.198673,1,5.72,"54,443.165655923454",435545.33,9514.00,174.751
1742994909.198673,1742994909.481399,14,49.52,"471,113.29243177193",3768906.34,9514.00,282.726
1742994909.481399,1742994909.599547,22,186.21,"1,771,576.8838376908",14172615.07,9514.00,118.148
1742994909.599547,1742994909.819761,14,63.57,"604,847.6585527989",4838781.27,9514.00,220.214
1742994909.819761,1742994909.972942,10,65.28,"621,094.9971983912",4968759.98,9514.00,153.181
1742994909.972942,1742994910.131505,16,100.91,"960,022.8130893257",7680182.50,9514.00,158.563
1742994910.131505,1742994910.332177,14,69.77,"663,750.0942568367",5310000.75,9514.00,200.672
1742994910.332177,1742994910.614035,24,85.15,"810,110.1491831318",6480881.19,9514.00,281.858
1742994910.614035,1742994910.733186,20,167.85,"1,596,963.648500468",12775709.19,9514.00,119.151
1742994910.733186,1742994910.873863,12,85.30,"811,561.3788035428",6492491.03,9514.00,140.677
1742994910.873863,1742994911.013172,6,43.07,"409,765.5493304855",3278124.39,9514.00,139.309
1742994911.013172,1742994911.241671,8,35.01,"333,095.2958310509",2664762.37,9514.00,228.499
1742994911.241671,1742994911.374483,18,135.53,"1,289,431.4529794238",10315451.62,9514.00,132.812
1742994911.374483,1742994911.506161,26,197.45,"1,878,554.137820774",15028433.10,9514.00,131.678
1742994911.506161,1742994911.745095,30,125.56,"1,194,555.618432948",9556444.95,9514.00,238.934
1742994911.745095,1742994911.868043,70,569.35,"5,416,764.584927504",43334116.68,9514.00,122.948
1742994911.868043,1742994911.985354,28,238.68,"2,270,818.577361911",18166548.62,9514.00,117.311
1742994911.985354,1742994912.102809,20,170.28,"1,620,024.6124366173",12960196.90,9514.00,117.455
1742994912.102809,1742994912.282439,24,133.61,"1,271,145.9540576807",10169167.63,9514.00,179.630
1742994912.282439,1742994912.39849,45,387.76,"3,689,155.2214778336",29513241.77,9514.00,116.051
1742994912.39849,1742994912.55882,48,299.38,"2,848,324.313820778",22786594.51,9514.00,160.330
1742994912.55882,1742994912.688804,12,92.32,"878,324.1483220591",7026593.19,9514.00,129.984
1742994912.688804,1742994912.799024,139,1261.11,"11,998,218.780532861",95985750.24,9514.00,110.220
1742994912.799024,1742994912.923801,20,160.29,"1,524,962.4824592243",12199699.86,9514.00,124.777
1742994912.923801,1742994913.037953,38,332.89,"3,167,111.7775048665",25336894.22,9514.00,114.152
1742994913.037953,1742994913.147997,78,708.81,"6,743,593.316480269",53948746.53,9514.00,110.044
1742994913.147997,1742994913.25888,114,1028.11,"9,781,445.526620323",78251564.21,9514.00,110.883
1742994913.25888,1742994913.370162,114,1024.42,"9,746,364.423823409",77970915.39,9514.00,111.282
1742994913.370162,1742994913.480668,24,217.18,"2,066,275.864611561",16530206.92,9514.00,110.506
1742994913.480668,1742994913.612193,44,334.54,"3,182,785.582435431",25462284.66,9514.00,131.525
1742994913.612193,1742994913.722197,178,1618.12,"15,394,829.254140748",123158634.03,9514.00,110.004
1742994913.722197,1742994913.856138,114,851.12,"8,097,569.267436706",64780554.14,9514.00,133.941
1742994913.856138,1742994914.067491,48,227.11,"2,160,706.7920255302",17285654.34,9514.00,211.353
1742994914.067491,1742994914.18852,8,66.10,"628,874.5903489141",5030996.72,9514.00,121.029
1742994914.18852,1742994914.31868,4,30.73,"292,378.40134375956",2339027.21,9514.00,130.160
1742994914.31868,1742994914.448593,22,169.34,"1,611,141.5828252835",12889132.66,9514.00,129.913
1742994914.448593,1742994914.600029,58,383.00,"3,643,860.5770243825",29150884.62,9514.00,151.436
1742994914.600029,1742994914.710547,50,452.42,"4,304,277.057293127",34434216.46,9514.00,110.518
1742994914.710547,1742994914.822591,127,1133.48,"10,783,950.633820409",86271605.07,9514.00,112.044
1742994914.822591,1742994914.954054,12,91.28,"868,441.7352900638",6947533.88,9514.00,131.463
1742994914.954054,1742994915.126635,50,289.72,"2,756,387.5362122627",22051100.29,9514.00,172.581
1742994915.126635,1742994915.240554,62,544.25,"5,177,958.883056271",41423671.06,9514.00,113.919
1742994915.240554,1742994915.360199,88,735.51,"6,997,641.670392387",55981133.36,9514.00,119.645
1742994915.360199,1742994915.55102,15,78.61,"747,873.9266905809",5982991.41,9514.00,190.821
1742994915.55102,1742994915.763979,55,258.27,"2,457,139.0472394666",19657112.38,9514.00,212.959
1742994915.763979,1742994915.875332,128,1149.50,"10,936,304.02113697",87490432.17,9514.00,111.353
1742994915.875332,1742994916.044399,28,165.61,"1,575,660.2302691513",12605281.84,9514.00,169.067
1742994916.044399,1742994916.210218,1,6.03,"57,375.83772133516",459006.70,9514.00,165.819
1742994916.210218,1742994916.339953,21,161.87,"1,540,016.2701617943",12320130.16,9514.00,129.735
1742994916.339953,1742994916.457162,21,179.17,"1,704,596.6790260572",13636773.43,9514.00,117.209
1742994916.457162,1742994916.571879,72,627.63,"5,971,285.5121020535",47770284.10,9514.00,114.717
1742994916.571879,1742994916.77808,38,184.29,"1,753,298.3150392545",14026386.52,9514.00,206.201
1742994916.77808,1742994916.889615,100,896.58,"8,530,052.297931647",68240418.38,9514.00,111.535
1742994916.889615,1742994917.029507,50,357.42,"3,400,483.703934732",27203869.63,9514.00,139.892
1742994917.029507,1742994917.150357,46,380.64,"3,621,379.294936494",28971034.36,9514.00,120.850
1742994917.150357,1742994917.285204,4,29.66,"282,216.29668186617",2257730.37,9514.00,134.847
1742994917.285204,1742994917.404964,114,951.90,"9,056,410.067854512",72451280.54,9514.00,119.760
1742994917.404964,1742994917.58344,5,28.01,"266,534.29383248085",2132274.35,9514.00,178.476
1742994917.58344,1742994917.726067,33,231.37,"2,201,280.2500213133",17610242.00,9514.00,142.627
1742994917.726067,1742994917.840164,18,157.76,"1,500,934.9954300115",12007479.96,9514.00,114.097
1742994917.840164,1742994918.001077,12,74.57,"709,501.4491716031",5676011.59,9514.00,160.913
1742994918.001077,1742994918.138115,14,102.16,"971,964.0341487771",7775712.27,9514.00,137.038
1742994918.138115,1742994918.365594,28,123.09,"1,171,062.0418984694",9368496.34,9514.00,227.479
1742994918.365594,1742994918.497892,6,45.35,"431,480.4694484392",3451843.76,9514.00,132.298
1742994918.497892,1742994918.607893,35,318.18,"3,027,151.89922363",24217215.19,9514.00,110.001
1742994918.607893,1742994918.762744,25,161.45,"1,535,993.062886071",12287944.50,9514.00,154.851
1742994918.762744,1742994918.875642,6,53.15,"505,624.0473888611",4044992.38,9514.00,112.898
1742994918.875642,1742994918.986415,51,460.40,"4,380,261.121694306",35042088.97,9514.00,110.773
1742994918.986415,1742994919.362863,1,2.66,"25,273.068515673192",202184.55,9514.00,376.448
1742994919.362863,1742994919.583586,2,9.06,"86,207.63326020572",689661.07,9514.00,220.723
1742994919.583586,1742994919.908795,4,12.30,"117,020.08101311851",936160.65,9514.00,325.209
1742994919.908795,1742994920.176224,7,26.18,"249,030.70024730806",1992245.60,9514.00,267.429
1742994920.176224,1742994920.295492,8,67.08,"638,159.7574953123",5105278.06,9514.00,119.268
1742994920.295492,1742994920.441244,6,41.17,"391,651.69849246234",3133213.59,9514.00,145.752
1742994920.441244,1742994920.557911,3,25.71,"244,644.94769044645",1957159.58,9514.00,116.667
1742994920.557911,1742994920.677275,20,167.55,"1,594,115.1687509613",12752921.35,9514.00,119.364
1742994920.677275,1742994920.788738,12,107.66,"1,024,267.5003144317",8194140.00,9514.00,111.463
1742994920.788738,1742994921.104398,12,38.02,"361,680.28909329034",2893442.31,9514.00,315.660
1742994921.104398,1742994921.272398,6,35.71,"339,785.7490048152",2718285.99,9514.00,168.000
1742994921.272398,1742994921.384882,6,53.34,"507,485.6070810866",4059884.86,9514.00,112.484
1742994921.384882,1742994921.640592,8,31.29,"297,649.535813584",2381196.29,9514.00,255.710
1742994921.640592,1742994921.862355,10,45.09,"429,016.76472706825",3432134.12,9514.00,221.763
1742994921.862355,1742994921.992626,16,122.82,"1,168,518.3129012657",9348146.50,9514.00,130.271
1742994921.992626,1742994922.109059,4,34.35,"326,848.51424780284",2614788.11,9514.00,116.433
1742994922.109059,1742994922.450654,18,52.69,"501,330.61917022686",4010644.95,9514.00,341.595
1742994922.450654,1742994922.816453,10,27.34,"260,088.2259208276",2080705.81,9514.00,365.799
1742994922.816453,1742994922.963964,14,94.91,"902,956.3566281885",7223650.85,9514.00,147.511
1742994922.963964,1742994923.07717,15,132.50,"1,260,623.2337306768",10084985.87,9514.00,113.206
1742994923.07717,1742994923.23465,21,133.35,"1,268,694.4257106911",10149555.41,9514.00,157.480
1742994923.23465,1742994923.374151,4,28.67,"272,800.7264001641",2182405.81,9514.00,139.501
1742994923.374151,1742994923.541229,13,77.81,"740,264.9453291779",5922119.56,9514.00,167.078
1742994923.541229,1742994923.689244,7,47.29,"449,940.8166489482",3599526.53,9514.00,148.015
1742994923.689244,1742994923.854888,30,181.11,"1,723,093.6216627012",13784748.97,9514.00,165.644
1742994923.854888,1742994924.182056,10,30.57,"290,798.62193403207",2326388.98,9514.00,327.168
1742994924.182056,1742994924.312245,4,30.72,"292,313.61303319095",2338508.90,9514.00,130.189
1742994924.312245,1742994924.44585,4,29.94,"284,839.63207823265",2278717.06,9514.00,133.605
1742994924.44585,1742994924.824991,12,31.65,"301,122.72797256755",2408981.82,9514.00,379.141
1742994924.824991,1742994925.25554,2,4.65,"44,194.74703201202",353557.98,9514.00,430.549
1742994925.25554,1742994925.383148,10,78.36,"745,564.1859622179",5964513.49,9514.00,127.608
1742994925.383148,1742994925.528469,7,48.17,"458,281.59783174",3666252.78,9514.00,145.321
1742994925.528469,1742994925.680791,13,85.35,"811,978.2422599407",6495825.94,9514.00,152.322
1742994925.680791,1742994925.878433,6,30.36,"288,825.1211875928",2310600.97,9514.00,197.642
1742994925.878433,1742994925.998095,16,133.71,"1,272,115.9677464988",10176927.74,9514.00,119.662
1742994925.998095,1742994926.170788,4,23.16,"220,367.91811433234",1762943.34,9514.00,172.693
1742994926.170788,1742994926.935671,2,2.61,"24,877.00598724749",199016.05,9514.00,764.883
1742994926.935671,1742994927.059173,7,56.68,"539,246.2578392101",4313970.06,9514.00,123.502
1742994927.059173,1742994927.171056,7,62.57,"595,247.2191803883",4761977.75,9514.00,111.883
1742994927.171056,1742994927.290445,12,100.51,"956,268.5451778718",7650148.36,9514.00,119.389
1742994927.290445,1742994927.425545,6,44.41,"422,531.80894026294",3380254.47,9514.00,135.100
1742994927.425545,1742994927.589237,2,12.22,"116,242.70145971155",929941.61,9514.00,163.692
1742994927.589237,1742994927.739637,14,93.09,"885,612.1536215389",7084897.23,9514.00,150.400
1742994927.739637,1742994927.890124,4,26.58,"252,885.3212334182",2023082.57,9514.00,150.487
1742994927.890124,1742994928.028377,4,28.93,"275,263.5189032119",2202108.15,9514.00,138.253
1742994928.028377,1742994928.430514,2,4.97,"47,317.20298218102",378537.62,9514.00,402.137
1742994928.430514,1742994929.186699,3,3.97,"37,744.74094490945",301957.93,9514.00,756.185
1742994929.186699,1742994929.485459,2,6.69,"63,689.880872179274",509519.05,9514.00,298.760
1742994929.485459,1742994929.795051,2,6.46,"61,461.53476834835",491692.28,9514.00,309.592
1742994929.795051,1742994929.989275,4,20.59,"195,938.83022805332",1567510.64,9514.00,194.224
1742994929.989275,1742994930.102387,14,123.77,"1,177,558.809137779",9420470.47,9514.00,113.112
1742994930.102387,1742994930.298863,6,30.54,"290,539.32814289874",2324314.63,9514.00,196.476
1742994930.298863,1742994930.527194,3,13.14,"125,002.68851924944",1000021.51,9514.00,228.331
1742994930.527194,1742994930.715373,14,74.40,"707,815.3704439489",5662522.96,9514.00,188.179
1742994930.715373,1742994930.82929,5,43.89,"417,585.1948715158",3340681.56,9514.00,113.917
1742994930.82929,1742994930.974211,11,75.90,"722,144.8479558044",5777158.78,9514.00,144.921
1742994930.974211,1742994931.085007,27,243.69,"2,318,477.730103806",18547821.84,9514.00,110.796
1742994931.085007,1742994931.19908,8,70.13,"667,221.6438426024",5337773.15,9514.00,114.073
1742994931.19908,1742994931.309534,1,9.05,"86,135.34045648617",689082.72,9514.00,110.454
1742994931.309534,1742994931.506907,6,30.40,"289,219.0170781381",2313752.14,9514.00,197.373
1742994931.506907,1742994931.771966,6,22.64,"215,363.37656534184",1722907.01,9514.00,265.059
1742994931.771966,1742994931.89737,4,31.90,"303,466.90486954903",2427735.24,9514.00,125.404
1742994931.89737,1742994932.043675,14,95.69,"910,400.467343603",7283203.74,9514.00,146.305
1742994932.043675,1742994932.480319,10,22.90,"217,889.13429921513",1743113.07,9514.00,436.644
1742994932.480319,1742994932.633512,20,130.55,"1,242,093.3316317478",9936746.65,9514.00,153.193
1742994932.633512,1742994932.911708,46,165.35,"1,573,149.3203226838",12585194.56,9514.00,278.196
1742994932.911708,1742994933.054695,6,41.96,"399,225.7341403632",3193805.87,9514.00,142.987
1742994933.054695,1742994933.412167,3,8.39,"79,843.97525589474",638751.80,9514.00,357.472
1742994933.412167,1742994933.577982,1,6.03,"57,377.2401945137",459017.92,9514.00,165.815
1742994933.577982,1742994933.771051,5,25.90,"246,388.62085231973",1971108.97,9514.00,193.069
1742994933.771051,1742994933.89248,9,74.12,"705,152.9997526065",5641224.00,9514.00,121.429
1742994933.89248,1742994934.13779,7,28.54,"271,484.9843202239",2171879.87,9514.00,245.310
1742994934.13779,1742994934.301604,5,30.52,"290,390.20046981017",2323121.60,9514.00,163.814
1742994934.301604,1742994934.430539,9,69.80,"664,102.7868459593",5312822.29,9514.00,128.935
1742994934.430539,1742994934.547346,4,34.24,"325,801.771748737",2606414.17,9514.00,116.807
1742994934.547346,1742994934.907606,34,94.38,"897,896.5339107726",7183172.27,9514.00,360.260
1742994934.907606,1742994935.119747,26,122.56,"1,166,035.5936451992",9328284.75,9514.00,212.141
1742994935.119747,1742994935.270243,2,13.29,"126,435.24904233983",1011481.99,9514.00,150.496
1742994935.270243,1742994935.593361,42,129.98,"1,236,662.8765450045",9893303.01,9514.00,323.118
1742994935.593361,1742994935.788623,18,92.18,"877,036.1367588575",7016289.09,9514.00,195.262
1742994935.788623,1742994935.926039,4,29.11,"276,940.32421178283",2215522.59,9514.00,137.416
1742994935.926039,1742994936.071526,3,20.62,"196,182.3822804019",1569459.06,9514.00,145.487
1742994936.071526,1742994936.199275,24,187.87,"1,787,380.4130208392",14299043.30,9514.00,127.749
1742994936.199275,1742994936.341057,3,21.16,"201,308.98751423042",1610471.90,9514.00,141.782
1742994936.341057,1742994936.574606,3,12.85,"122,209.96326774366",977679.71,9514.00,233.549
1742994936.574606,1742994936.75676,12,65.88,"626,766.568289117",5014132.55,9514.00,182.154
1742994936.75676,1742994936.947086,33,173.39,"1,649,599.357182764",13196794.86,9514.00,190.326
1742994936.947086,1742994937.060724,14,123.20,"1,172,108.703536481",9376869.63,9514.00,113.638
1742994937.060724,1742994937.210515,16,106.82,"1,016,242.6159750044",8129940.93,9514.00,149.791
1742994937.210515,1742994937.383914,14,80.74,"768,147.5778288656",6145180.62,9514.00,173.399
1742994937.383914,1742994937.511965,42,327.99,"3,120,536.8735898416",24964294.99,9514.00,128.051
1742994937.511965,1742994937.626217,12,105.03,"999,266.07723176",7994128.62,9514.00,114.252
1742994937.626217,1742994937.78165,31,199.44,"1,897,497.071691306",15179976.57,9514.00,155.433
1742994937.78165,1742994938.070541,5,17.31,"164,664.2732830677",1317314.19,9514.00,288.891
1742994938.070541,1742994938.27862,6,28.84,"274,337.980578564",2194703.84,9514.00,208.079
1742994938.27862,1742994938.392281,4,35.19,"334,820.06134302716",2678560.49,9514.00,113.661
1742994938.392281,1742994938.508254,15,129.34,"1,230,545.0856656511",9844360.69,9514.00,115.973
1742994938.508254,1742994938.619898,21,188.10,"1,789,562.779889337",14316502.24,9514.00,111.644
1742994938.619898,1742994938.73009,67,608.03,"5,784,803.156255815",46278425.25,9514.00,110.192
1742994938.73009,1742994938.897287,34,203.35,"1,934,699.9118805034",15477599.30,9514.00,167.197
1742994938.897287,1742994939.015986,42,353.84,"3,366,395.265239224",26931162.12,9514.00,118.699
1742994939.015986,1742994939.126846,72,649.47,"6,179,030.529058177",49432244.23,9514.00,110.860
1742994939.126846,1742994939.282712,27,173.23,"1,648,070.4718661138",13184563.77,9514.00,155.866
1742994939.282712,1742994939.461748,4,22.34,"212,560.7186599035",1700485.75,9514.00,179.036
1742994939.461748,1742994939.573969,23,204.95,"1,949,920.201848779",15599361.61,9514.00,112.221
1742994939.573969,1742994939.690597,52,445.86,"4,241,925.427990858",33935403.42,9514.00,116.628
1742994939.690597,1742994939.811354,11,91.09,"866,650.524522647",6933204.20,9514.00,120.757
1742994939.811354,1742994939.952067,25,177.67,"1,690,320.2959032045",13522562.37,9514.00,140.713
1742994939.952067,1742994940.134775,24,131.36,"1,249,731.6416544765",9997853.13,9514.00,182.708
1742994940.134775,1742994940.274471,32,229.07,"2,179,359.0068950453",17434872.06,9514.00,139.696
1742994940.274471,1742994940.389832,27,234.05,"2,226,732.2151949224",17813857.72,9514.00,115.361
1742994940.389832,1742994940.515015,63,503.26,"4,788,051.385336774",38304411.08,9514.00,125.183
1742994940.515015,1742994940.65094,6,44.14,"419,966.72496408597",3359733.80,9514.00,135.925
1742994940.65094,1742994940.764296,7,61.75,"587,511.3214680828",4700090.57,9514.00,113.356
1742994940.764296,1742994940.877944,56,492.75,"4,688,021.713657552",37504173.71,9514.00,113.648
1742994940.877944,1742994940.988034,135,1226.27,"11,666,725.3878389",93333803.10,9514.00,110.090
1742994940.988034,1742994941.131292,40,279.22,"2,656,464.198858984",21251713.59,9514.00,143.258
1742994941.131292,1742994941.260239,76,589.39,"5,537,478.280458988",44299826.24,9395.26,128.947
1742994941.260239,1742994941.371718,104,932.91,"8,875,713.002615612",71005704.02,9514.00,111.479
1742994941.371718,1742994941.678349,23,75.01,"713,632.7932173448",5709062.35,9514.00,306.631
1742994941.678349,1742994941.859509,57,314.64,"2,951,236.9135396928",23609895.31,9379.75,181.160
1742994941.859509,1742994942.003246,8,55.66,"529,522.3835840478",4236179.07,9514.00,143.737
1742994942.003246,1742994942.141524,89,643.63,"6,123,504.491161765",48988035.93,9514.00,138.278
1742994942.141524,1742994942.205726,3,27.27,"173,581.81818181818",1388654.55,6364.67,64.202
